,time,SBI_index,lower_level_ws (10m m/s),lower_level_angle (10m degrees),upper_level_ws (500-2000m),upper_level_angle (500-2000m)
0,2012-01-16 05:00:00,0.63730425,4.1514354,140.00005,1.557064,238.44936
1,2012-01-16 06:00:00,0.64271456,3.0335717,140.00005,1.3066477,232.05048
2,2012-01-16 07:00:00,0.6420482,2.0452695,140.00006,1.8452946,244.5539
3,2012-01-17 09:00:00,0.28499317,5.216792,162.99988,4.331855,255.26045
4,2012-01-17 10:00:00,0.24718122,6.1099443,165.66699,4.72274,257.64728
5,2012-01-17 18:00:00,0.4942296,7.314753,150.34886,2.95243,273.84464
6,2012-01-17 19:00:00,0.75132465,9.877492,131.27982,4.7352505,235.8602
7,2012-01-17 20:00:00,0.7284628,9.883787,133.23282,2.9004147,275.51605
8,2012-01-17 21:00:00,0.66588753,9.569926,138.16608,4.6038184,230.25856
9,2012-01-17 22:00:00,0.57183784,9.290631,145.11855,1.3657898,237.16614
10,2012-01-17 23:00:00,0.41340455,9.049099,155.24872,2.5992873,247.44304
11,2012-01-18 04:00:00,0.5787241,7.5876584,131.35043,3.679852,222.69534
12,2012-01-18 21:00:00,0.7628101,1.2535644,99.13342,0.72392136,215.61371
13,2012-01-18 22:00:00,0.93597263,2.6862302,70.90662,1.004141,332.72626
14,2012-01-18 23:00:00,0.9389038,2.0829701,69.99992,0.30069873,262.52533
15,2012-01-19 16:00:00,-0.25222293,3.8556805,121.35055,1.5010207,211.51535
16,2012-01-24 07:00:00,0.9434906,5.355323,92.13107,7.626242,359.75986
17,2012-01-26 10:00:00,0.76649415,3.1976438,123.999985,3.0680852,354.6564
18,2012-01-26 11:00:00,0.8289924,2.902696,123.99997,3.1784995,347.99274
19,2012-01-26 12:00:00,0.82874507,2.6462753,123.999985,4.020276,354.29205
20,2012-01-26 13:00:00,0.8265431,2.3424275,124.1738,3.4229455,316.784
21,2012-01-26 14:00:00,0.79658073,1.0470977,126.99129,1.8515453,325.91415
22,2012-01-26 15:00:00,0.28602898,1.1106746,162.98523,1.2284943,311.78192
23,2012-01-26 17:00:00,0.7236909,1.2223996,133.63069,2.1977656,269.66592
24,2012-02-12 15:00:00,0.27610403,1.726636,16.48413,6.4290953,202.99998
25,2012-02-12 17:00:00,0.86966175,2.4160984,60.66494,7.2659717,215.60176
26,2012-02-12 18:00:00,0.8108287,2.9081068,124.80514,7.2231374,223.28206
27,2012-02-12 19:00:00,0.6809645,3.8083832,131.85886,6.179158,223.47725
28,2012-02-12 20:00:00,0.7301493,3.9398298,129.42513,5.2059975,227.41121
29,2012-02-12 21:00:00,0.86344135,3.472238,114.57128,3.8136518,225.13683
30,2012-02-12 22:00:00,0.99701726,3.2957394,85.881516,2.4700563,228.21075
31,2012-02-12 23:00:00,0.99129707,3.1708972,82.44551,1.5968995,187.05411
32,2012-02-13 05:00:00,0.13760832,2.8496275,124.40971,0.7455451,356.07843
33,2012-02-13 06:00:00,0.92000854,2.8974607,112.98223,3.0415773,355.77747
34,2012-02-13 07:00:00,0.98128337,2.9190986,93.799736,2.944497,330.1662
35,2012-02-13 08:00:00,0.99226856,2.558061,90.0,2.3991354,320.14105
36,2012-02-13 09:00:00,0.9910595,2.6877115,90.0,2.6462946,345.53204
37,2012-02-13 10:00:00,0.9968979,3.4125626,91.25316,4.028265,352.8589
38,2012-02-13 11:00:00,0.6648665,4.137952,136.0002,3.596451,347.1222
39,2012-02-13 12:00:00,0.63651067,4.9821854,136.0002,3.4745464,353.28723
40,2012-02-13 13:00:00,0.6610245,5.623323,136.74812,2.9888177,354.71368
41,2012-02-13 20:00:00,0.5584714,5.386989,99.05226,5.589893,359.76392
42,2012-02-13 21:00:00,0.64323676,5.0986795,139.95543,5.8008265,357.6332
43,2012-02-13 22:00:00,0.06099994,4.826601,168.68465,5.455852,359.99634
44,2012-02-13 23:00:00,0.1675815,4.365295,169.9999,6.162108,356.0179
45,2012-02-14 00:00:00,0.17364885,3.871866,169.99988,7.6559367,356.28717
46,2012-02-14 01:00:00,0.34564248,3.5226521,159.67348,7.88021,352.3396
47,2012-02-14 02:00:00,0.514087,3.5054991,148.99983,7.392569,354.19342
48,2012-02-14 03:00:00,0.51455003,3.5277598,148.99983,7.009576,354.1762
49,2012-02-14 04:00:00,0.5000186,3.5624382,149.48318,6.289856,354.44073
50,2012-02-14 05:00:00,0.35834944,3.601483,158.64227,5.8688498,357.3125
51,2012-02-14 06:00:00,0.044138383,3.6658323,168.65582,6.362036,359.87772
52,2012-02-14 07:00:00,0.067294285,3.7508748,176.13342,5.9924088,356.0692
53,2012-02-16 07:00:00,0.9846566,3.175499,99.9998,8.073884,336.56604
54,2012-02-16 08:00:00,0.9848004,3.1746814,99.9998,7.4137654,336.5525
55,2012-02-16 09:00:00,0.9822448,3.22547,99.9998,6.535976,342.90384
56,2012-02-16 10:00:00,0.9850621,3.3244874,98.88221,7.4180913,354.2032
57,2012-02-17 02:00:00,0.9952715,5.5556493,95.45052,6.2771873,357.11154
58,2012-02-17 03:00:00,0.9236094,6.145481,111.709595,6.345932,342.08356
59,2012-02-17 04:00:00,0.8595995,6.768872,119.00799,6.436592,343.17548
60,2012-02-17 05:00:00,0.8483686,6.9526143,119.99993,5.560752,350.06314
61,2012-02-17 06:00:00,0.8580118,7.0476947,119.99993,5.019826,350.12927
62,2012-02-17 07:00:00,0.8615653,7.158108,119.99993,4.260548,356.65015
63,2012-02-17 08:00:00,0.9388192,6.6397285,109.999954,4.17885,352.78867
64,2012-02-17 09:00:00,0.9393681,5.3978753,109.999954,4.4436703,359.08868
65,2012-02-17 10:00:00,0.78810453,4.2673674,110.01274,4.787068,352.2688
66,2012-02-17 11:00:00,0.92112166,4.6710386,111.920105,4.600531,354.63275
67,2012-02-17 12:00:00,-0.06580644,5.836186,169.25787,4.9825735,359.8926
68,2012-02-18 05:00:00,0.06746192,5.063085,176.13173,5.24858,343.56042
69,2012-02-18 06:00:00,0.9896953,5.4077406,86.63407,6.613375,354.72986
70,2012-02-18 07:00:00,0.9640371,5.8111644,80.7364,7.543752,348.48505
71,2012-02-18 08:00:00,0.99318546,5.670805,86.87081,7.794503,354.93872
72,2012-02-18 09:00:00,0.97789454,5.515137,101.070595,6.4929476,356.38437
73,2012-02-18 10:00:00,0.86537606,5.5918527,120.073845,5.928429,350.34247
74,2012-02-18 11:00:00,0.74641925,6.4346786,131.42917,6.237933,355.5061
75,2012-02-18 12:00:00,0.628387,7.4854064,140.38559,6.1861815,357.91434
76,2012-02-18 13:00:00,0.56619364,8.306753,145.17259,5.387316,356.45728
77,2012-02-18 14:00:00,-0.51206225,8.101056,138.96268,7.159078,359.12714
78,2012-02-18 15:00:00,0.77430564,7.7778716,114.70094,7.029329,356.98233
79,2012-02-19 19:00:00,0.747346,3.276225,49.613144,5.2032156,317.7721
80,2012-02-19 20:00:00,0.95921534,3.920032,73.609604,4.592437,316.424
81,2012-02-19 21:00:00,0.90157324,4.8031545,115.62815,3.7771797,345.88342
82,2012-02-19 22:00:00,0.6024315,5.5747795,142.94588,5.0974865,329.25043
83,2012-02-19 23:00:00,0.45417053,5.473525,152.98329,2.490466,351.8141
84,2012-02-20 00:00:00,0.33547345,5.183412,160.1544,6.292365,334.02515
85,2012-02-20 01:00:00,0.27607635,4.937501,163.9678,5.915032,356.56125
86,2012-02-20 02:00:00,0.4718131,4.8617964,151.72011,4.514291,350.47852
87,2012-02-20 03:00:00,0.8587405,4.8206763,119.08375,4.5483413,349.16263
88,2012-02-20 04:00:00,0.98199946,4.782923,82.55034,5.8745127,350.37598
89,2012-02-20 16:00:00,0.1515476,2.8452325,49.610535,6.0264587,318.94562
90,2012-02-20 17:00:00,-0.32505846,2.9163013,48.474247,5.9970317,318.45877
91,2012-02-20 21:00:00,0.6826964,4.4851274,64.53343,6.841232,331.78467
92,2012-02-20 22:00:00,0.9803853,5.2751803,88.12768,3.7112298,356.288
93,2012-02-20 23:00:00,0.97892815,5.8515215,79.878,7.2523546,347.73676
94,2012-02-21 21:00:00,0.98272824,4.6542826,79.636444,3.058287,347.64517
95,2012-02-21 22:00:00,0.9753482,5.0842686,99.519615,5.363179,355.06653
96,2012-02-21 23:00:00,0.97623056,5.2009935,102.504,5.618184,357.91238
97,2012-02-22 00:00:00,0.9475141,5.309736,106.05806,7.073231,355.3407
98,2012-02-22 01:00:00,0.92364323,5.38405,112.11236,7.081136,354.8664
99,2012-02-22 02:00:00,0.55070645,5.3132596,144.85277,6.632208,355.97308
100,2012-02-22 23:00:00,0.90997785,5.1199822,66.030685,5.537847,334.08633
101,2012-02-23 08:00:00,0.82778734,5.307131,123.24305,11.426203,353.65176
102,2012-02-23 09:00:00,0.4159117,5.2237005,155.37929,8.410063,354.2867
103,2012-02-23 10:00:00,0.35027793,5.1672125,159.06747,7.9074354,358.11517
104,2012-02-23 11:00:00,0.4924275,5.0963774,150.48355,7.949561,355.6479
105,2012-02-23 12:00:00,0.74143714,5.0525937,132.13412,10.295827,356.1358
106,2012-02-23 13:00:00,0.97295517,5.052382,101.759285,9.269249,357.2688
107,2012-02-24 09:00:00,0.83593017,3.5169506,123.28087,4.022045,359.84158
108,2012-02-24 10:00:00,0.6906602,2.986744,136.29703,3.4001486,353.96872
109,2012-02-26 04:00:00,0.9986022,5.4104037,88.78801,6.3594065,356.8011
110,2012-02-26 05:00:00,0.9997094,5.6836233,88.99994,6.837529,356.9479
111,2012-02-26 06:00:00,0.997783,6.06148,88.99993,6.7272677,357.0288
112,2012-02-26 07:00:00,0.99734575,6.4779396,88.9758,6.7374554,357.01105
113,2012-02-26 08:00:00,0.99295765,6.3286867,84.09449,7.9386325,352.0
114,2012-02-28 03:00:00,0.88388383,2.8376534,114.598495,1.461304,357.6671
115,2012-02-28 04:00:00,0.20315957,3.055799,168.19199,1.9251369,354.59525
116,2012-02-28 15:00:00,-0.0005395398,1.2227745,1.6652985,0.5169099,239.80333
117,2012-02-28 16:00:00,-0.17873849,1.7717186,19.420586,0.2813216,239.25804
118,2012-02-28 18:00:00,0.08151664,2.6611955,22.216377,0.17590877,234.9858
119,2012-02-28 19:00:00,0.40863898,3.3614895,27.967453,0.5538749,227.32985
120,2012-02-28 20:00:00,0.69858384,5.948346,52.32147,0.73717195,270.5099
121,2012-02-28 21:00:00,0.446814,9.113367,64.2338,1.2348125,293.44763
122,2012-02-28 22:00:00,0.9125092,11.762919,69.76237,1.8515797,300.2627
123,2012-02-28 23:00:00,0.6669819,8.414273,79.458496,1.538831,348.24826
124,2012-02-29 09:00:00,0.05676218,0.5339875,176.74588,2.8061657,312.75446
125,2012-02-29 10:00:00,0.8795944,0.6722306,61.620102,3.2442036,316.9959
126,2012-02-29 11:00:00,0.7972532,1.0232671,53.431545,3.2532396,289.859
127,2012-02-29 12:00:00,0.777052,1.4389881,50.99251,3.7553282,281.2635
128,2012-02-29 13:00:00,0.75750476,1.8338708,49.34537,2.906599,273.38263
129,2012-02-29 14:00:00,0.70325047,2.3872886,45.020874,2.1202853,243.76253
130,2012-02-29 15:00:00,0.66102725,3.0580685,41.851357,2.6100824,265.6975
131,2012-02-29 16:00:00,0.6431038,3.6697016,40.11898,2.3819354,276.73053
132,2012-02-29 17:00:00,0.64250267,4.301598,40.000057,1.0851293,295.36847
133,2012-02-29 18:00:00,0.64277464,5.017924,40.000023,2.3800685,276.54227
134,2012-02-29 19:00:00,0.6610381,5.569654,41.62424,1.0249605,296.9242
135,2012-02-29 20:00:00,0.8159111,5.6097426,54.68225,2.0401907,291.2417
136,2012-02-29 21:00:00,0.9304647,5.658404,68.55337,1.3895104,317.69354
137,2012-02-29 22:00:00,0.9698741,5.754261,79.73169,2.6378994,322.7331
138,2012-02-29 23:00:00,0.99545085,6.173511,85.135635,2.6087756,340.49023
139,2012-03-01 00:00:00,0.9993075,7.04531,91.31985,3.084409,346.68884
140,2012-03-01 01:00:00,0.98857576,7.711936,98.284065,3.8440235,353.63754
141,2012-03-01 02:00:00,0.9870551,7.2483554,99.18943,4.128189,348.2895
142,2012-03-01 03:00:00,0.98608065,6.58901,99.52298,4.5588365,348.62125
143,2012-03-01 04:00:00,0.97882,6.0870767,99.01214,5.5481763,335.69467
144,2012-03-01 05:00:00,0.99935013,6.18368,90.88851,5.0210505,339.971
145,2012-03-01 06:00:00,0.9903355,6.3486342,82.04438,5.8949227,349.99997
146,2012-03-01 08:00:00,-0.026422082,6.2217054,77.97842,6.0842633,347.54083
147,2012-03-01 09:00:00,0.9984201,5.816951,86.89946,5.821787,348.59613
148,2012-03-01 10:00:00,0.997249,5.572346,94.180214,5.573489,349.56494
149,2012-03-04 12:00:00,0.95877296,3.1452603,106.41856,4.6773252,305.2375
150,2012-03-04 13:00:00,0.8412463,2.7870882,58.00243,5.290084,294.67804
151,2012-03-05 02:00:00,0.9099703,5.981591,109.567726,11.972619,358.94525
152,2012-03-05 03:00:00,0.9945961,8.491849,93.040306,11.371227,354.81122
153,2012-03-05 04:00:00,0.87900347,10.739763,89.305176,11.371056,357.76666
154,2012-03-05 05:00:00,0.997699,9.948571,89.46443,10.914418,357.49622
155,2012-03-05 06:00:00,0.999324,8.589474,90.41016,10.09902,358.33868
156,2012-03-05 07:00:00,0.99515563,7.492624,91.700195,9.638256,359.7587
157,2012-03-05 08:00:00,0.94206077,6.5557785,90.257324,8.135507,358.56396
158,2012-03-05 09:00:00,0.976128,5.7324276,87.5227,7.297258,355.702
159,2012-03-05 10:00:00,0.628604,5.3047476,79.03669,5.637152,347.8772
160,2012-03-06 06:00:00,0.71230054,6.2801414,79.99994,4.3143253,348.72678
161,2012-03-06 07:00:00,0.87922096,6.4845114,79.7587,3.7961035,347.25748
162,2012-03-06 16:00:00,0.9929793,3.5020633,86.61356,3.5677724,341.90894
163,2012-03-06 17:00:00,0.8111735,2.7434886,125.508026,4.753625,349.40646
164,2012-03-06 18:00:00,0.14672826,1.8070554,171.33195,3.656997,357.84552
165,2012-03-06 20:00:00,0.2655231,1.7766234,162.01453,3.9167004,355.11658
166,2012-03-06 21:00:00,0.7492866,2.899236,120.96491,4.253369,358.02136
167,2012-03-08 01:00:00,0.45814744,4.65032,150.69789,10.304812,356.19
168,2012-03-08 02:00:00,0.85395235,4.360358,120.70697,9.423881,351.08905
169,2012-03-08 06:00:00,0.9993187,5.635873,87.91557,7.7837725,355.88644
170,2012-03-08 07:00:00,0.5372366,6.107061,147.49277,8.978691,358.9338
171,2012-03-08 08:00:00,0.043474305,6.4422073,177.50807,10.612439,357.49387
172,2012-03-08 17:00:00,0.9944712,7.176335,94.18434,10.984149,355.94153
173,2012-03-09 07:00:00,0.35139218,7.9980373,159.19148,10.664001,339.04404
174,2012-03-09 08:00:00,0.37441435,7.9583287,157.97298,10.575238,350.48138
175,2012-03-09 09:00:00,0.20198885,7.8215837,168.34106,11.489344,354.59332
176,2012-03-10 04:00:00,-0.2676962,7.643757,138.23895,9.856609,357.9225
177,2012-03-11 14:00:00,0.40415326,4.349109,156.16061,5.7203507,355.0
178,2012-03-12 10:00:00,0.043576468,3.382955,177.5024,7.337249,344.92865
179,2012-03-12 11:00:00,0.36180314,3.7532213,158.78824,5.5004334,345.063
180,2012-03-12 12:00:00,0.93198276,4.583897,109.802376,5.297174,358.77988
181,2012-03-12 23:00:00,0.98086745,3.7645295,85.744194,6.0771947,347.24414
182,2012-03-13 00:00:00,0.71901566,3.8318722,133.93349,5.0477877,357.85974
183,2012-03-13 01:00:00,0.10708677,3.8835306,173.85048,3.9736953,353.82428
184,2012-03-13 02:00:00,0.78462374,3.9296296,128.31332,6.3625865,339.7246
185,2012-03-13 03:00:00,0.98060244,4.066493,87.021614,6.7336025,342.22943
186,2012-03-13 04:00:00,0.95359206,4.2722197,72.89812,7.4080095,340.79498
187,2012-03-13 05:00:00,0.98086673,4.5219407,78.77518,7.187548,346.74268
188,2012-03-13 06:00:00,0.98407626,4.8642993,84.58838,5.435626,352.7049
189,2012-03-13 08:00:00,0.8896507,4.5247693,91.23995,6.0938787,359.6783
190,2012-03-13 09:00:00,0.92278415,4.0934978,101.25497,7.095345,356.99878
191,2012-03-13 10:00:00,0.78115696,3.8589902,128.14723,8.153483,358.29688
192,2012-03-15 04:00:00,0.6008437,3.2378151,143.05704,6.598106,354.49716
193,2012-03-15 05:00:00,0.588629,3.2136502,143.94022,7.075372,355.35577
194,2012-03-15 06:00:00,0.4778825,3.4226413,151.35422,6.4926734,344.0
195,2012-03-15 07:00:00,0.35050118,3.8314755,159.47922,6.4818707,345.74622
196,2012-03-15 08:00:00,0.059654776,3.9571118,176.57138,6.487114,350.3591
197,2012-03-15 19:00:00,0.6278009,1.2303008,39.028004,2.104209,307.07028
198,2012-03-15 20:00:00,0.7009295,0.93455124,44.904682,2.4919097,312.75018
199,2012-03-15 21:00:00,0.80142945,0.80864614,53.712334,3.0797672,315.28656
200,2012-03-15 22:00:00,0.91165173,0.93645906,65.802826,3.3325598,314.88513
201,2012-03-15 23:00:00,0.94491005,1.4560107,76.52844,3.4779444,331.68796
202,2012-03-16 00:00:00,0.99897057,2.0837984,91.63591,3.8698218,315.58295
203,2012-03-16 01:00:00,0.936154,2.716957,109.84259,2.519484,327.44412
204,2012-03-16 02:00:00,0.786513,3.352445,128.08006,2.58566,339.45578
205,2012-03-16 03:00:00,0.596503,3.989149,143.25197,2.756022,342.02405
206,2012-03-16 04:00:00,0.47185373,4.5443764,151.8003,2.3006005,356.98718
207,2012-03-16 05:00:00,0.6461717,4.794086,139.61093,3.166456,351.10147
208,2012-03-16 06:00:00,0.7593027,5.038052,130.55838,2.6397934,329.44202
209,2012-03-16 07:00:00,0.8135901,5.206815,125.54521,3.7302835,330.6908
210,2012-03-16 08:00:00,0.88568276,4.854449,117.62887,3.711687,335.30252
211,2012-03-16 09:00:00,0.94501704,4.405623,109.02772,3.9665928,351.88654
212,2012-03-16 10:00:00,0.97891647,4.000656,101.66549,4.9332933,344.46777
213,2012-03-16 11:00:00,0.99979925,3.4085753,89.61653,3.8774412,332.46725
214,2012-03-16 12:00:00,0.94990784,2.8387318,78.89088,4.7676277,346.602
215,2012-03-16 13:00:00,0.9502945,2.5531285,71.99759,5.8048925,321.07294
216,2012-03-16 14:00:00,0.94455314,2.780183,71.118256,5.6812468,314.0089
217,2012-03-16 15:00:00,0.9437449,3.1666903,71.3556,3.912315,332.9477
218,2012-03-16 16:00:00,0.9496395,3.5667765,71.74792,3.7746415,339.7226
219,2012-03-16 17:00:00,0.9528855,3.9763453,72.52048,4.3336053,327.96307
220,2012-03-16 18:00:00,0.9511744,4.3927455,74.74357,3.375336,342.87616
221,2012-03-16 19:00:00,0.93623954,4.6097817,70.168686,2.8644245,338.23065
222,2012-04-09 01:00:00,0.61776114,1.7417527,38.292477,2.9578836,193.23837
223,2012-04-09 02:00:00,0.64262515,1.5702436,40.000042,2.8424094,226.26071
224,2012-04-09 03:00:00,0.64264226,1.3882412,40.000053,2.1363227,194.88864
225,2012-04-09 04:00:00,0.64268947,1.206239,40.000046,2.1567287,226.2657
226,2012-04-09 05:00:00,0.6421473,1.024237,40.000053,2.9041061,301.72614
227,2012-04-09 06:00:00,0.642474,0.8422364,40.000042,1.508583,251.44724
228,2012-04-09 07:00:00,0.64247686,0.66023755,40.000053,3.2747438,307.9958
229,2012-04-09 08:00:00,0.6407844,0.47824287,40.000042,2.8204112,219.92107
230,2012-04-09 09:00:00,0.64221823,0.29625955,40.000053,3.0926247,308.00677
231,2012-04-09 10:00:00,0.6411691,0.11434273,40.000053,1.591351,301.61047
232,2012-04-09 11:00:00,0.6377091,0.06804246,40.000042,2.9720762,257.57336
233,2012-04-09 12:00:00,0.6378827,0.24987252,40.000042,2.659618,270.1419
234,2012-04-09 13:00:00,0.6460809,0.39459708,40.2819,3.347612,276.7925
235,2012-04-09 14:00:00,0.6783188,0.44273004,42.712475,2.98938,285.54272
236,2012-04-09 15:00:00,0.7185626,0.49250463,45.941093,3.605515,282.47656
237,2012-04-09 16:00:00,0.7502939,0.54559445,49.644325,2.7661035,280.0856
238,2012-04-09 17:00:00,0.80549675,0.60112166,53.89641,3.3375971,290.52307
239,2012-04-09 18:00:00,0.8464808,0.65846986,58.77059,2.9276993,314.02673
240,2012-04-09 19:00:00,0.8944275,0.71720237,64.32662,2.998726,307.28186
241,2012-04-09 20:00:00,0.94305986,0.77700543,70.590675,2.9988806,288.2746
242,2012-04-09 21:00:00,0.9762431,0.8376498,77.52904,3.3552642,320.37915
243,2012-04-09 22:00:00,0.9930735,0.8989651,85.02353,3.392082,315.20938
244,2012-04-09 23:00:00,0.9986657,0.960823,92.86378,5.026149,297.98343
245,2012-04-10 00:00:00,0.9780429,1.0231249,100.77102,3.746666,324.6593
246,2012-04-10 01:00:00,0.9482705,1.083135,108.162476,4.646978,300.6655
247,2012-04-10 02:00:00,0.85440487,0.9139028,121.30468,4.959091,301.30988
248,2012-04-10 03:00:00,0.5154478,0.5705385,148.96297,4.563237,297.52338
249,2012-04-10 04:00:00,0.044007543,0.22772922,177.47717,4.162335,294.62408
250,2012-04-13 17:00:00,0.99029,3.6353114,84.15894,0.6907342,352.21887
251,2012-04-13 18:00:00,-0.64527535,3.711385,85.91338,0.64837396,345.32047
252,2012-04-13 19:00:00,0.9407646,3.791957,88.12866,0.61662096,337.58813
253,2012-04-13 20:00:00,0.49933058,3.876747,91.003586,0.5268474,345.35394
254,2012-04-13 21:00:00,0.023886083,3.9654837,94.86062,0.48956975,332.95612
255,2012-04-13 22:00:00,0.98359203,4.057908,100.24487,0.5992193,311.69153
256,2012-04-13 23:00:00,0.31920686,4.1537757,108.10289,0.4943828,305.72415
257,2012-04-14 00:00:00,0.86319464,4.252852,120.018036,0.535761,293.65625
258,2012-04-14 01:00:00,-0.39342397,4.3081555,132.6704,0.69295555,289.67307
259,2012-04-14 02:00:00,0.8105966,4.033168,121.379135,0.7050481,289.13205
260,2012-04-14 03:00:00,0.9338031,3.6890924,99.153885,0.06551157,354.2215
261,2012-04-14 04:00:00,0.9144155,3.3481493,72.81472,0.7196474,290.22003
262,2012-04-14 05:00:00,0.76952755,3.011403,51.238007,0.5225583,281.66562
263,2012-04-14 06:00:00,0.6017649,2.6804338,37.11319,0.6738338,192.0539
264,2012-04-14 07:00:00,0.4683129,2.3576775,28.171158,0.64268094,220.8644
265,2012-04-14 08:00:00,0.37894773,2.0470223,22.268951,0.33584794,183.4255
266,2012-04-14 09:00:00,0.3116909,1.7549063,18.162079,0.6560814,235.8513
267,2012-04-14 10:00:00,0.26036114,1.4922566,15.167809,0.69280386,270.66522
268,2012-04-14 11:00:00,0.22259721,1.2773811,12.899361,1.1098607,255.80707
269,2012-04-14 12:00:00,0.19296733,1.1376791,11.12648,1.9217025,279.0819
270,2012-04-14 13:00:00,0.15336743,1.1156901,8.884644,1.7597268,276.96747
271,2012-04-17 01:00:00,0.009778936,2.9197526,179.32866,2.8228457,353.62888
272,2012-04-17 02:00:00,-0.077562585,2.9359326,167.33304,2.9692485,355.54855
273,2012-04-17 03:00:00,-0.38594407,2.9763,150.02675,3.1367438,358.98907
274,2012-04-17 04:00:00,-0.24210429,3.02169,131.19263,3.3617392,359.55975
275,2012-04-17 18:00:00,0.93683064,3.293351,75.78711,3.9473062,343.4918
276,2012-04-17 19:00:00,0.87293947,3.2319286,77.3002,4.4133244,345.72754
277,2012-04-17 20:00:00,0.97679275,3.1705115,78.97273,4.252807,346.83896
278,2012-04-17 21:00:00,0.9646243,3.1090984,80.82796,4.4887795,342.295
279,2012-04-17 22:00:00,0.9910596,3.0476897,82.89295,5.5856624,344.6247
280,2012-04-17 23:00:00,0.9938195,2.9862864,85.19902,4.0196385,353.23688
281,2012-04-18 00:00:00,0.99842733,2.9248877,87.78206,4.045028,349.42285
282,2012-04-18 01:00:00,0.9831209,2.8689835,88.8713,3.915512,356.65295
283,2012-04-18 02:00:00,0.98646665,2.7989042,80.583984,4.6676087,335.9712
284,2012-04-18 03:00:00,0.92948335,2.7399507,68.37751,5.6813397,336.32422
285,2012-04-19 00:00:00,0.9144771,3.1000888,66.93766,6.335859,334.79184
286,2012-04-19 01:00:00,0.97211087,3.2498362,103.090416,5.604682,333.41843
287,2012-04-19 02:00:00,0.93919826,3.1994967,110.00029,5.474359,334.01498
288,2012-04-19 03:00:00,0.9396419,2.9971943,110.00017,6.0949244,333.9722
289,2012-04-19 04:00:00,0.9349268,2.7978406,110.00009,3.234218,359.21588
290,2012-04-19 05:00:00,0.93705606,2.6021116,110.00006,5.865612,334.05728
291,2012-04-19 06:00:00,0.93969166,2.4108913,110.00003,4.579629,340.26678
292,2012-04-19 07:00:00,0.9396923,2.2253425,110.0,4.5873613,346.54788
293,2012-04-19 08:00:00,0.9395778,2.0470076,109.999985,5.214161,327.71475
294,2012-04-19 09:00:00,0.9393518,1.8779432,109.99998,4.7702556,346.5217
295,2012-04-19 10:00:00,0.93377244,1.7208831,109.99996,4.7170844,346.66095
296,2012-04-19 11:00:00,0.9395364,1.5794134,109.99996,3.3378644,333.96402
297,2012-04-19 12:00:00,0.93937767,1.4580787,109.99995,4.477789,346.5227
298,2012-04-19 13:00:00,0.93902385,1.3852446,110.105606,4.268389,334.07904
299,2012-04-19 14:00:00,0.9339747,1.4136335,110.93126,4.897691,334.9049
300,2012-04-19 15:00:00,0.92605346,1.4948387,112.05167,4.921523,335.9926
301,2012-04-19 16:00:00,0.90978307,1.6161245,113.41138,4.4300637,349.8288
302,2012-04-19 17:00:00,0.9056128,1.7692673,115.09405,4.6890497,332.79358
303,2012-04-19 18:00:00,0.88779205,1.9467635,117.22598,3.959081,341.26474
304,2012-04-19 19:00:00,0.86597276,2.142569,120.00563,4.271971,350.26825
305,2012-04-19 20:00:00,0.8104349,2.3521159,123.7594,3.7880764,354.24982
306,2012-04-19 21:00:00,0.77544016,2.5720475,129.05013,3.4152782,359.26105
307,2012-04-19 22:00:00,0.68077725,2.7999177,136.88492,4.3430214,354.4953
308,2012-04-19 23:00:00,0.5068246,3.0339382,149.02756,4.7667184,348.05145
309,2012-04-20 00:00:00,0.20807916,3.2727907,167.81425,4.0538883,353.9286
310,2012-04-20 05:00:00,0.010502635,3.557655,179.39822,4.278753,346.83774
311,2012-04-20 06:00:00,0.15794048,3.5855136,170.87292,4.8316073,344.49683
312,2012-04-20 07:00:00,0.47417128,3.6177716,151.5945,4.8836136,344.24127
313,2012-04-20 08:00:00,0.9594192,3.654311,106.350655,5.0157304,349.19943
314,2012-04-21 09:00:00,0.8606892,4.049665,89.981964,6.165535,357.41238
315,2012-04-21 10:00:00,0.46770257,3.840659,120.13786,6.0326324,357.68594
316,2012-04-21 11:00:00,-0.21836051,3.6384082,163.26181,5.9215384,359.68002
317,2012-04-21 17:00:00,-0.13853656,3.1788378,169.49405,4.0092125,359.62665
318,2012-04-21 18:00:00,0.27830872,3.1567125,163.64038,3.8862176,356.05222
319,2012-04-21 19:00:00,0.31789297,3.1380258,158.55013,4.0690484,356.88266
320,2012-04-21 20:00:00,0.30735305,3.1228397,154.14894,3.951311,353.78702
321,2012-04-21 21:00:00,0.4727852,3.111205,150.34827,3.8408706,355.18207
322,2012-04-21 22:00:00,0.5431333,3.103162,147.0604,3.7087405,352.14532
323,2012-04-21 23:00:00,0.5554454,3.0987387,144.20592,4.8036203,355.94043
324,2012-04-22 00:00:00,0.618208,3.09795,141.71614,4.876254,359.48126
325,2012-04-22 01:00:00,0.55992925,3.096257,138.69266,3.9084592,356.9499
326,2012-04-22 02:00:00,0.78066283,3.0700486,128.66623,3.4607196,346.34668
327,2012-04-22 03:00:00,0.88245374,3.0402722,117.82235,4.951643,354.3047
328,2012-04-22 04:00:00,0.9488344,3.011379,108.19519,4.7187476,350.97754
329,2012-04-22 05:00:00,0.97680175,2.9833953,100.03181,5.525855,355.3032
330,2012-04-22 06:00:00,0.992639,2.9563463,93.28075,5.9608665,348.7861
331,2012-04-22 07:00:00,0.99915755,2.9302573,87.748764,5.4537134,349.44208
332,2012-04-22 08:00:00,0.99292636,2.9051554,83.21213,6.2900815,344.9049
333,2012-04-22 09:00:00,0.9831285,2.8810658,79.46828,5.5566645,341.1425
334,2012-04-22 10:00:00,0.9716993,2.8580132,76.35101,3.819163,331.76038
335,2012-04-22 11:00:00,0.9596452,2.8360248,73.72974,5.0639315,341.6691
336,2012-04-22 12:00:00,0.9427212,2.8151238,71.50354,6.7392483,339.3592
337,2012-04-22 13:00:00,0.94060475,2.8001916,70.27184,5.8892956,338.19788
338,2012-04-22 14:00:00,0.94978464,2.7993617,71.77278,5.514562,327.18005
339,2012-04-22 15:00:00,0.96036696,2.7993686,73.88218,5.792466,335.58963
340,2012-04-22 16:00:00,0.9714139,2.7993858,76.40291,3.9022074,338.05038
341,2012-04-22 17:00:00,0.98242897,2.7994125,79.45497,6.0478535,334.89044
342,2012-04-22 18:00:00,0.9929635,2.7994494,83.20188,3.6551225,344.87982
343,2012-04-22 19:00:00,0.99628645,2.7994967,87.86542,5.5586863,343.3414
344,2012-04-22 20:00:00,0.9886853,2.7995532,93.737854,5.20123,349.00027
345,2012-04-22 21:00:00,0.97920674,2.7996206,101.1748,3.3171082,344.0678
346,2012-04-22 22:00:00,0.9364803,2.7996976,110.52407,5.897487,347.08252
347,2012-04-22 23:00:00,0.8481801,2.799785,121.91958,3.22285,352.14713
348,2012-04-23 00:00:00,0.70487416,2.7998822,134.94229,5.3184395,346.44946
349,2012-04-23 01:00:00,0.5882268,2.7926676,143.9353,3.2110677,349.028
350,2012-04-23 02:00:00,0.63319933,2.744455,138.89091,6.470522,343.75098
351,2012-04-23 03:00:00,0.7805519,2.692735,128.5696,5.926672,346.32635
352,2012-04-23 04:00:00,0.94520384,2.6445253,108.95772,3.9574785,358.107
353,2012-04-23 05:00:00,0.9646295,2.6000202,74.777756,6.2644777,342.76666
354,2012-04-24 02:00:00,0.9988075,2.3873515,92.48514,5.5376916,347.8609
355,2012-04-25 01:00:00,0.68191653,1.3868996,133.52615,4.9170794,357.16174
356,2012-04-25 02:00:00,0.51338613,1.2861086,148.99998,5.0100703,354.21286
357,2012-04-25 03:00:00,0.48738587,1.235856,148.99998,4.999302,354.4619
358,2012-04-25 04:00:00,0.44507578,1.2556003,149.0,4.442761,359.8886
359,2012-04-25 05:00:00,0.41487196,1.3422556,148.99998,4.768007,359.78168
360,2012-04-25 06:00:00,0.4461635,1.4841479,148.99998,3.972132,359.89282
361,2012-04-25 07:00:00,0.45799604,1.6672333,149.0,4.550367,359.94083
362,2012-04-25 08:00:00,0.44157186,1.8795118,149.0,4.6660132,359.87524
363,2012-04-25 09:00:00,0.46132097,2.1122,149.0,3.3723836,359.95514
364,2012-04-25 10:00:00,0.43575823,2.359267,148.99998,4.119456,359.8537
365,2012-04-25 11:00:00,0.46169075,2.6166425,149.0,4.3271546,359.95676
366,2012-04-25 12:00:00,0.42730084,2.8815658,148.99998,4.2395782,359.8236
367,2012-04-25 13:00:00,0.31237328,3.0725327,149.0,4.8863897,355.05188
368,2012-04-25 14:00:00,0.04975957,2.9712052,149.0,4.404008,358.9419
369,2012-04-25 15:00:00,-0.26706785,2.8460608,148.99998,4.2283063,358.3
370,2012-04-25 16:00:00,0.42597112,2.7315297,149.0,3.9565392,359.819
371,2012-04-25 17:00:00,0.4539848,2.6290007,149.0,3.724287,359.92407
372,2012-04-25 18:00:00,0.43349802,2.5399263,149.0,3.4287164,359.84552
373,2012-04-27 00:00:00,0.19322433,2.9017363,168.85559,6.176233,329.9815
374,2012-04-27 01:00:00,0.7506518,2.7525942,131.35312,5.558194,323.9202
375,2012-04-27 02:00:00,0.9327999,2.675913,111.023026,6.0438647,322.402
376,2012-04-27 03:00:00,0.93627053,2.6201253,69.43439,5.559446,324.83282
377,2012-04-28 15:00:00,0.993689,2.413426,86.29557,7.0949945,354.35217
378,2012-04-28 16:00:00,0.99905527,1.9777042,91.27027,7.1480494,352.91428
379,2012-04-28 17:00:00,0.98620856,1.5428504,98.145645,6.4015985,353.45734
380,2012-04-28 18:00:00,0.94501877,1.1098863,107.90063,5.986664,357.13327
381,2012-04-28 19:00:00,0.8483673,0.6824174,121.74379,5.844209,358.36176
382,2012-04-28 20:00:00,0.6415578,0.28622714,140.07747,5.574928,357.752
383,2012-04-28 21:00:00,0.33257443,0.28380343,160.43024,1.7890338,346.8327
384,2012-04-28 22:00:00,0.028721478,0.67937386,178.35269,5.1232576,339.5453
385,2012-04-30 13:00:00,0.9953493,1.2620872,95.51883,7.437585,350.9226
386,2012-04-30 14:00:00,0.9174188,1.0699036,91.0011,1.3880893,358.5568
387,2012-04-30 15:00:00,0.9945675,0.83515126,91.0011,1.7425592,346.50214
388,2012-04-30 16:00:00,0.9998458,0.60041934,91.0011,1.678508,340.11438
389,2012-04-30 17:00:00,0.99944085,0.3657499,91.0011,3.3164423,352.654
390,2012-04-30 18:00:00,0.9983822,0.13147587,91.0011,3.208465,333.7788
391,2012-04-30 19:00:00,0.9998229,0.10508191,91.0011,1.8309723,314.9904
392,2012-04-30 20:00:00,0.9933602,0.33917823,91.0011,0.76937544,327.4358
393,2012-04-30 21:00:00,0.99962884,0.5738336,91.0011,0.8606814,315.0043
394,2012-04-30 22:00:00,0.999704,0.8085611,91.0011,0.62201524,283.55054
395,2012-04-30 23:00:00,0.99976957,1.0433128,91.0011,0.9314526,289.86313
396,2012-05-01 00:00:00,0.99973226,1.2780744,91.0011,2.3348114,258.41956
397,2012-05-01 01:00:00,0.9975567,1.4726878,90.03304,3.0373733,269.96313
398,2012-05-01 02:00:00,0.9840277,1.4448869,79.79762,1.1749059,291.2316
399,2012-05-01 03:00:00,0.9487763,1.3838451,71.61574,2.276693,283.05148
400,2012-05-01 04:00:00,0.91644406,1.3286557,66.44231,1.5992751,296.7294
401,2012-05-01 05:00:00,0.88627183,1.2800756,62.92866,1.288849,280.72458
402,2012-05-01 06:00:00,0.8684545,1.2388823,60.40391,1.5326064,322.0356
403,2012-05-01 07:00:00,0.84463954,1.2058337,58.508827,0.7576072,326.33563
404,2012-05-01 08:00:00,0.83552253,1.1816128,57.036983,2.9848087,324.91022
405,2012-05-01 09:00:00,0.818438,1.1667699,55.86222,3.12584,323.97647
406,2012-05-01 10:00:00,0.6905412,1.161664,54.903637,3.022205,310.86798
407,2012-05-01 11:00:00,0.5888701,1.1664234,54.106964,3.1623883,315.03137
408,2012-05-01 12:00:00,0.7619435,1.1809291,53.43463,3.2893274,314.79422
409,2012-05-01 13:00:00,0.7344952,1.2051324,52.227795,3.5860605,320.57092
410,2012-05-06 01:00:00,0.9406835,0.96375376,109.82251,1.6104269,340.09967
411,2012-05-06 02:00:00,0.8198377,0.6784212,124.00804,1.7034281,341.85565
412,2012-05-06 03:00:00,0.817517,0.3024501,124.99336,1.4670613,355.19437
413,2012-05-06 04:00:00,0.81539685,0.07676569,125.373344,4.1027784,343.07336
414,2012-05-06 05:00:00,0.81308144,0.45111638,125.57474,3.8484933,343.2478
415,2012-05-06 06:00:00,0.8118632,0.8272335,125.69948,3.6834242,343.375
416,2012-05-06 07:00:00,0.8103959,1.2034619,125.78433,3.7612824,343.52863
417,2012-05-06 08:00:00,0.80937004,1.579722,125.84579,3.5576572,343.4899
418,2012-05-06 09:00:00,0.81006324,1.9559958,125.89236,3.4607275,343.57965
419,2012-05-06 10:00:00,0.8088687,2.3322763,125.92887,3.3638062,343.67453
420,2012-05-06 11:00:00,0.8038428,2.7085612,125.95825,3.2668955,343.7751
421,2012-05-06 12:00:00,0.8058805,3.0848486,125.982414,2.3477497,349.87415
422,2012-05-06 13:00:00,0.800736,3.3766,125.99873,2.418836,350.12433
423,2012-05-06 14:00:00,0.8075131,3.2860498,125.99997,3.0335565,343.76007
424,2012-05-06 15:00:00,0.79416513,3.143968,125.99998,3.0728621,343.50717
425,2012-05-06 16:00:00,0.80851,3.0037208,125.99997,3.1475532,343.66367
426,2012-05-06 17:00:00,0.7931802,2.865578,125.99997,2.2640676,356.06726
427,2012-05-06 18:00:00,0.80896527,2.729858,125.99997,2.4024096,356.2768
428,2012-05-06 19:00:00,0.74365103,2.5969415,125.99998,2.3984005,356.6702
429,2012-05-06 20:00:00,0.80882424,2.4672813,125.99997,2.9245434,337.43774
430,2012-05-06 21:00:00,0.79846865,2.341419,125.99997,2.5026097,356.1038
431,2012-05-06 22:00:00,0.80829465,2.2200003,125.99997,2.3546693,350.02454
432,2012-05-06 23:00:00,0.806265,2.103795,125.99998,2.0279634,356.34796
433,2012-05-07 00:00:00,0.80886304,1.9937145,125.99997,2.9801166,349.96274
434,2012-05-07 01:00:00,0.0031311568,1.8922409,179.82008,2.3611124,341.04626
435,2012-05-09 22:00:00,0.7786287,1.9584805,128.86362,2.8264768,346.55695
436,2012-05-09 23:00:00,0.9692953,2.3564801,104.23158,2.6086283,340.78574
437,2012-05-10 00:00:00,0.9974284,2.766107,94.105865,3.7130857,355.7841
438,2012-05-10 01:00:00,0.9997665,3.0554173,89.88731,4.013735,357.8734
439,2012-05-10 02:00:00,0.9977608,2.9858868,87.88715,3.5801919,355.79587
440,2012-05-10 03:00:00,-0.42180988,2.891419,84.89219,2.84543,354.86487
441,2012-05-12 13:00:00,-0.9098663,1.1529326,78.828835,6.860581,180.6723
442,2012-05-12 14:00:00,0.35894728,0.81734896,74.46152,6.941922,180.25232
443,2012-05-16 01:00:00,0.66171086,1.498541,41.4757,2.448185,215.23479
444,2012-05-16 02:00:00,0.8730298,1.4901978,116.47722,0.60875237,214.57324
445,2012-05-16 03:00:00,0.9245211,1.4940604,112.33736,2.274053,210.68681
446,2012-05-16 04:00:00,0.84923065,1.613722,111.21645,1.1033399,203.67702
447,2012-05-16 05:00:00,0.79950655,1.8318708,110.758606,1.4709315,203.33923
448,2012-05-16 13:00:00,0.6078495,4.678201,110.279015,2.2273762,201.44861
449,2012-05-20 23:00:00,0.15034631,1.9289448,169.48822,6.2824373,356.3736
450,2012-05-25 01:00:00,0.55169797,2.3606598,146.44995,4.935196,357.92505
451,2012-05-25 02:00:00,0.9962624,2.2483249,94.43501,5.6824293,356.0778
452,2012-05-28 01:00:00,0.65669715,2.3040433,138.43918,4.584505,249.46657
453,2012-05-28 02:00:00,0.6886274,2.571337,136.45831,5.43359,228.46652
454,2012-06-04 12:00:00,0.14582266,1.3153582,171.61237,5.805506,357.9209
455,2012-06-04 13:00:00,0.3295076,1.4606844,160.54973,9.533353,359.25458
456,2012-06-04 14:00:00,0.37150624,1.2493811,158.1879,10.533444,357.05508
457,2012-06-04 15:00:00,0.4073094,0.9772363,155.95334,4.8008275,342.2655
458,2012-06-04 16:00:00,0.4470692,0.73658645,153.42676,9.58731,358.5944
459,2012-06-04 17:00:00,0.49150243,0.56891114,150.55896,7.6270876,355.70184
460,2012-06-04 18:00:00,0.5403133,0.5461606,147.2935,10.120963,358.71857
461,2012-06-04 19:00:00,0.5883357,0.68297434,143.56775,4.997273,342.55396
462,2012-06-04 20:00:00,0.64529324,0.9100262,139.316,10.432074,356.87274
463,2012-06-04 21:00:00,0.71341133,1.1761686,134.47629,7.730844,352.15637
464,2012-06-04 22:00:00,0.7758468,1.460181,129.0021,2.1831713,340.36072
465,2012-06-04 23:00:00,0.83868116,1.7534013,122.88048,9.264171,353.09424
466,2012-06-05 00:00:00,0.88941884,2.0518856,116.153336,9.319807,352.83725
467,2012-06-05 01:00:00,0.9446348,2.3536322,108.93629,9.266362,358.0
468,2012-06-05 02:00:00,0.9590304,2.5626795,104.696075,9.454195,359.96356
469,2012-06-05 03:00:00,0.89440715,2.4055197,116.479095,8.043526,346.78384
470,2012-06-05 04:00:00,0.7216187,2.2231364,133.79445,5.0350337,338.90314
471,2012-06-05 05:00:00,0.46489847,2.0660846,152.28856,6.711626,338.5945
472,2012-06-05 06:00:00,0.19602415,1.9405253,168.56522,5.9647145,342.13196
473,2012-06-05 21:00:00,0.011397402,1.9052057,179.34653,3.9211285,334.25043
474,2012-06-05 22:00:00,0.1167669,1.8759415,173.28978,1.5296682,334.47748
475,2012-06-05 23:00:00,0.22868785,1.8486246,166.77509,1.7198324,340.46442
476,2012-06-06 00:00:00,0.34311357,1.8233423,159.9327,2.039821,352.49133
477,2012-06-06 01:00:00,0.43835708,1.8091547,153.9851,3.4478471,321.38513
478,2012-06-06 02:00:00,0.41186622,1.9436672,155.6773,2.0546567,354.52023
479,2012-06-06 03:00:00,0.36648592,2.1341202,158.46823,3.13813,357.26398
480,2012-06-06 04:00:00,0.3304096,2.3254542,160.70535,1.5732331,359.56494
481,2012-06-06 05:00:00,0.2875746,2.5174644,162.53346,0.5374227,348.52615
482,2012-06-06 06:00:00,0.27468356,2.7100117,164.05243,0.79539955,356.64203
483,2012-06-06 07:00:00,0.25259665,2.9029858,165.33287,0.51740533,326.55255
484,2012-06-06 08:00:00,0.23470204,3.0963087,166.42587,1.3679929,302.44037
485,2012-06-06 09:00:00,0.21727683,3.2899148,167.36911,0.87233424,272.0838
486,2012-06-06 10:00:00,0.20457081,3.4837637,168.191,2.606538,272.76495
487,2012-06-06 11:00:00,0.1919944,3.6778133,168.91324,0.7701491,304.875
488,2012-06-06 12:00:00,0.14676628,3.8720345,169.55273,3.4475121,260.96045
489,2012-06-06 13:00:00,0.11457406,3.993489,170.50246,0.7956563,337.1328
490,2012-06-06 14:00:00,0.08418913,3.8346512,174.74051,0.6462826,279.749
491,2012-06-07 20:00:00,0.2666084,2.5169008,164.51547,3.7496805,256.60352
492,2012-06-07 21:00:00,0.3581253,2.4737751,158.93896,2.973558,269.90692
493,2012-06-07 22:00:00,0.4406906,2.4457066,153.5294,2.9045303,270.8482
494,2012-06-07 23:00:00,0.523994,2.4332185,148.37012,3.4539738,259.2143
495,2012-06-08 00:00:00,0.5881332,2.4365506,143.52107,3.4006226,279.39197
496,2012-06-08 01:00:00,0.6366877,2.4287984,140.44537,3.7653968,282.76614
497,2012-06-08 02:00:00,0.6125532,2.2803414,142.22192,2.8972874,290.79303
498,2012-06-08 03:00:00,0.5827295,2.1292775,144.31187,3.2043176,280.28262
499,2012-06-08 04:00:00,0.55534524,2.0071309,146.26028,2.7856588,282.26147
500,2012-06-08 05:00:00,0.52759624,1.9194294,148.07697,2.5024884,277.74457
501,2012-06-08 06:00:00,0.5033089,1.8710228,149.77156,2.240067,273.24646
502,2012-06-08 07:00:00,0.47203657,1.8649733,151.35327,1.2146829,324.8945
503,2012-06-08 08:00:00,0.4565243,1.9016856,152.83086,1.854286,257.4123
504,2012-06-08 09:00:00,0.4350354,1.9787809,154.21245,0.882389,290.22943
505,2012-06-08 10:00:00,0.40647995,2.0917988,155.50568,1.1066891,322.74103
506,2012-06-08 11:00:00,0.39518586,2.235297,156.71756,0.95464694,330.4145
507,2012-06-08 12:00:00,0.34932184,2.4038234,157.85454,0.85690105,357.08942
508,2012-06-08 15:00:00,0.29277855,2.110628,158.79623,0.5346418,358.27332
509,2012-06-08 16:00:00,0.3606874,1.8454263,158.64095,0.44553447,338.78015
510,2012-06-08 17:00:00,0.30036873,1.620434,158.44827,0.26328826,345.34488
511,2012-06-08 18:00:00,0.3710092,1.454432,158.20288,0.42179626,281.61322
512,2012-06-08 19:00:00,0.37401333,1.3690505,157.8797,0.522405,268.88086
513,2012-06-08 20:00:00,0.33443844,1.379342,157.43481,0.87557626,255.24094
514,2012-06-08 21:00:00,0.39157858,1.4833167,156.78363,0.8176453,248.93452
515,2012-06-08 22:00:00,0.4059372,1.6635001,155.73978,0.8907671,266.78003
516,2012-06-08 23:00:00,0.4386963,1.8983136,153.79688,0.5021709,264.7957
517,2012-06-09 00:00:00,0.51587415,2.1700964,148.94116,0.7330476,259.83917
518,2012-06-09 01:00:00,0.7931851,2.4434545,127.46963,2.1708279,232.10658
519,2012-06-10 21:00:00,0.060994815,2.6731038,176.27979,1.0929809,349.6486
520,2012-06-10 22:00:00,0.25713304,2.925771,165.02808,1.1617507,332.36478
521,2012-06-10 23:00:00,0.42376283,3.2662776,154.92162,0.7882042,297.20135
522,2012-06-11 00:00:00,0.5539411,3.6702592,146.30869,1.484884,263.4239
523,2012-06-11 01:00:00,0.63047266,4.0116363,140.89139,1.3936954,251.7445
524,2012-06-11 02:00:00,0.56699276,3.7999983,145.3595,1.253642,249.89026
525,2012-06-11 03:00:00,0.45253432,3.5001748,152.91922,0.6630986,295.1109
526,2012-06-11 04:00:00,0.27714643,3.2102284,162.47717,0.82012814,355.445
527,2012-06-11 05:00:00,0.027215317,2.9330902,174.17758,0.23873714,352.8784
528,2012-06-13 01:00:00,-0.11467179,1.4708804,172.07733,0.8851031,267.84253
529,2012-06-13 02:00:00,0.2036266,1.2388707,152.0,0.65137666,257.72394
530,2012-06-13 03:00:00,0.45014817,1.0857583,152.0,0.6282904,243.7475
531,2012-06-13 08:00:00,0.04979596,2.3732562,152.0,1.2626798,355.6682
532,2012-06-13 09:00:00,0.30125606,2.787412,151.99998,1.2749082,358.00684
533,2012-06-13 10:00:00,0.4398802,3.2128687,151.99998,1.1798292,337.92624
534,2012-06-13 11:00:00,0.46620998,3.6456728,152.0,1.173939,344.44843
535,2012-06-13 12:00:00,0.46722803,4.0834875,152.0,1.2193358,319.53143
536,2012-06-13 13:00:00,0.46941608,4.498423,152.00305,1.1877164,319.43066
537,2012-06-13 14:00:00,0.44237104,4.748497,152.19934,0.9010516,294.17786
538,2012-06-13 15:00:00,0.303457,5.0194616,152.53766,0.9263097,350.5346
539,2012-06-13 16:00:00,0.44521964,5.30486,152.91484,1.3650115,301.28796
540,2012-06-13 17:00:00,0.4058777,5.602486,153.33784,1.5624928,270.0654
541,2012-06-13 18:00:00,0.43596837,5.9104934,153.81558,1.9609845,245.69594
542,2012-06-22 02:00:00,0.24859987,2.9035122,165.57504,1.3032303,358.20554
543,2012-06-23 01:00:00,0.23798135,0.80871606,166.12817,7.766648,339.96655
544,2012-06-23 02:00:00,0.8566231,0.95355976,119.99993,7.4273667,344.12973
545,2012-06-23 03:00:00,0.86599857,1.1197591,119.99992,4.8121886,356.55658
546,2012-06-23 04:00:00,0.86598533,1.291383,119.99993,6.612582,337.70874
547,2012-06-23 05:00:00,0.849568,1.4665287,119.99993,6.701131,337.50378
548,2012-06-23 06:00:00,0.8655133,1.6440706,119.99993,5.3927984,337.66464
549,2012-06-23 07:00:00,0.86169094,1.8233094,119.99992,6.6146927,331.31577
550,2012-06-23 08:00:00,0.86479264,2.0037892,119.99992,7.455373,331.3625
551,2012-06-23 09:00:00,0.85755867,2.1852024,119.99993,5.1939964,331.55582
552,2012-06-23 10:00:00,0.86602587,2.3673356,119.99993,6.0976605,325.13223
553,2012-06-23 11:00:00,0.86119056,2.550033,119.99993,5.5223846,325.2384
554,2012-06-23 12:00:00,0.86323947,2.7331824,119.99993,5.054254,325.21292
555,2012-06-23 13:00:00,0.86598504,2.9166987,119.99993,3.3833592,325.12296
556,2012-06-23 14:00:00,0.85690534,2.994939,119.90444,2.0857258,356.6048
557,2012-06-23 15:00:00,0.87006325,2.9037323,119.52008,4.884066,318.38623
558,2012-06-23 16:00:00,0.87402153,2.8086903,119.05145,5.23177,317.9203
559,2012-06-23 17:00:00,0.8763961,2.7142518,118.49218,5.3284473,317.2665
560,2012-06-23 18:00:00,0.8720483,2.6204789,117.81329,4.7065578,310.21185
561,2012-06-23 19:00:00,0.8862947,2.5274491,116.9721,4.8769193,309.64374
562,2012-06-23 20:00:00,0.89952546,2.435245,115.90303,4.6626716,308.4739
563,2012-06-23 21:00:00,0.9098744,2.3439655,114.500145,0.91327727,294.48642
564,2012-06-23 22:00:00,0.92321265,2.2537224,112.58104,3.3126314,298.88068
565,2012-06-23 23:00:00,0.94085336,2.1646452,109.80459,4.714919,296.08698
566,2012-06-24 00:00:00,0.96286654,2.0768847,105.45961,2.78599,291.78723
567,2012-06-24 01:00:00,0.9704301,2.018803,103.960785,1.2770813,252.53687
568,2012-06-24 02:00:00,0.8909983,2.0681324,116.969574,2.086766,265.53
569,2012-06-24 03:00:00,0.8442553,2.133486,122.37155,4.072796,289.8335
570,2012-06-24 04:00:00,0.81922656,2.2026663,124.95728,3.6639888,298.64474
571,2012-06-24 05:00:00,0.804127,2.2753243,126.46771,3.6756103,300.1718
572,2012-06-24 06:00:00,0.79169285,2.3511379,127.45686,3.3609405,301.1006
573,2012-06-24 07:00:00,0.7854895,2.4298117,128.1545,0.85281295,295.54138
574,2012-06-24 08:00:00,0.78070605,2.511077,128.6728,2.757437,302.38226
575,2012-06-24 09:00:00,0.7763439,2.5946887,129.07297,0.6908169,321.63943
576,2012-06-24 10:00:00,0.7728207,2.6804304,129.39125,3.1433845,321.95258
577,2012-06-24 11:00:00,0.7698948,2.7681015,129.6504,1.9646341,322.22897
578,2012-06-24 12:00:00,0.7666609,2.857526,129.86551,2.1942034,335.04642
579,2012-06-24 13:00:00,0.75035465,2.9120817,130.02547,1.9060767,334.95728
580,2012-06-24 14:00:00,0.7623895,2.8496692,130.22496,4.718941,329.02023
581,2012-06-24 15:00:00,0.76025957,2.7768464,130.47186,1.8924742,341.8528
582,2012-06-24 16:00:00,0.7478,2.7046208,130.75592,2.5636544,354.57803
583,2012-06-24 17:00:00,0.75318575,2.6330416,131.08623,2.048319,348.74765
584,2012-06-24 18:00:00,0.7490243,2.5621629,131.47504,3.6130414,336.63202
585,2012-06-24 19:00:00,0.7438349,2.492044,131.93933,2.9761856,343.3622
586,2012-06-24 20:00:00,0.72970444,2.4227514,132.50337,3.693937,337.77917
587,2012-06-24 21:00:00,0.7213636,2.354358,133.20306,3.2732208,344.47476
588,2012-06-24 22:00:00,0.71819663,2.2869442,134.09366,3.6482644,339.2307
589,2012-06-24 23:00:00,0.7018896,2.2205997,135.26498,2.6798985,359.32153
590,2012-06-25 00:00:00,0.68210894,2.1554227,136.87296,2.3226624,348.35535
591,2012-06-25 01:00:00,0.63408333,2.0931215,139.1297,2.7533526,356.57928
592,2012-06-25 02:00:00,0.5681136,1.8709664,143.08617,2.8163538,354.83258
593,2012-06-25 03:00:00,0.48844457,1.4900177,150.739,2.7631419,349.6261
594,2012-06-25 04:00:00,0.31900018,1.1872153,161.16823,2.8684423,347.6048
595,2012-06-25 05:00:00,0.08633521,1.0336826,175.04489,2.5059297,355.07532
596,2012-07-03 00:00:00,0.40721765,2.6359422,140.0,0.4094745,245.48648
597,2012-07-03 01:00:00,0.9826034,2.945213,98.03034,0.6712568,240.20732
598,2012-07-03 02:00:00,0.76570636,2.6990924,50.000065,1.4106803,242.59618
599,2012-07-03 03:00:00,0.7652933,2.3726435,50.00006,1.05365,236.23894
600,2012-07-03 04:00:00,0.7658149,2.04639,50.00005,0.8628861,242.59093
601,2012-07-03 05:00:00,0.69238025,1.7204447,50.000053,0.7255416,185.57562
602,2012-07-03 06:00:00,0.7640201,1.3950225,50.00006,0.80774665,217.36096
603,2012-07-03 07:00:00,0.76603675,1.0706012,50.00006,1.3477852,204.87201
604,2012-07-03 08:00:00,0.7643265,0.74848354,50.000053,0.47316444,255.1998
605,2012-07-03 09:00:00,0.765954,0.43383077,50.000053,0.81900674,286.56415
606,2012-07-03 10:00:00,0.76588136,0.17358518,50.00006,1.2940866,299.09442
607,2012-07-03 11:00:00,0.76546896,0.29324976,50.00006,0.5900638,305.43707
608,2012-07-03 12:00:00,0.7659698,0.5964899,50.00006,0.8160858,229.98604
609,2012-07-03 13:00:00,0.76580006,0.81165653,50.08962,3.9076574,255.16528
610,2012-07-03 14:00:00,0.77545726,0.6621147,50.85096,3.2783146,268.53882
611,2012-07-03 15:00:00,0.7889338,0.54237604,52.097595,2.5634847,250.92938
612,2012-07-03 16:00:00,0.8053952,0.5454769,54.075394,2.5683298,321.93576
613,2012-07-03 17:00:00,0.8427052,0.66971314,57.68044,2.4331725,287.87094
614,2012-07-03 18:00:00,0.91119087,0.86434007,66.17513,0.08376369,252.36966
615,2012-07-03 19:00:00,0.96536326,1.0923594,101.18867,2.270745,337.91608
616,2012-07-10 00:00:00,0.24267085,5.2848306,165.8645,6.8213644,358.31833
617,2012-07-10 01:00:00,0.35735783,5.529864,159.06195,8.470201,357.9098
618,2012-07-10 02:00:00,0.5017851,5.1651793,149.8272,7.3622637,355.01724
619,2012-07-10 03:00:00,0.69738626,4.7306666,135.781,8.875635,359.77017
620,2012-07-10 04:00:00,0.8149695,4.2989144,117.73447,8.185631,354.68393
621,2012-07-10 05:00:00,0.98958284,3.8708482,98.26848,6.6164584,359.9566
622,2012-07-12 23:00:00,0.935478,5.441551,77.23013,8.139845,345.48135
623,2012-07-13 00:00:00,0.9952078,5.2436967,84.42334,5.3795333,352.377
624,2012-07-13 01:00:00,0.9995973,5.060959,88.47635,5.194405,356.43103
625,2012-07-13 02:00:00,0.9997057,4.918432,90.75967,5.1183314,358.70395
626,2012-07-13 03:00:00,0.98906624,4.735092,93.53495,7.7838397,355.08173
627,2012-07-13 04:00:00,0.991172,4.5440235,96.38114,7.373467,358.13535
628,2012-07-13 05:00:00,0.5888958,4.3530955,99.177765,7.8070965,359.92755
629,2012-07-13 06:00:00,0.9429119,4.162328,101.91319,10.169783,357.58182
630,2012-07-13 07:00:00,0.9088065,3.9717426,104.577385,10.471011,359.62463
631,2012-07-13 08:00:00,0.9538452,3.781368,107.16205,10.164447,356.2187
632,2012-07-13 09:00:00,0.93901426,3.5912375,109.660675,9.958284,352.41696
633,2012-07-13 10:00:00,0.9210513,3.401392,112.06847,7.822258,354.78952
634,2012-07-13 11:00:00,0.9078172,3.211882,114.38227,10.044835,350.84982
635,2012-07-13 12:00:00,0.8941483,3.0227714,116.60039,9.900829,353.15164
636,2012-07-13 13:00:00,0.87099606,2.8341382,118.72236,7.874573,348.87115
637,2012-07-13 14:00:00,0.8659441,2.7074132,119.689995,9.364362,349.87555
638,2012-07-13 15:00:00,0.8699923,2.668346,118.27781,9.174012,348.6991
639,2012-07-13 16:00:00,0.8910793,2.6288435,116.566986,9.730316,346.91882
640,2012-07-13 17:00:00,0.9087973,2.5898774,114.63148,9.057311,351.20163
641,2012-07-13 18:00:00,0.92434263,2.551472,112.429306,8.826435,348.98224
642,2012-07-13 19:00:00,0.93981004,2.513653,109.90938,6.726587,352.71124
643,2012-07-13 20:00:00,0.95525086,2.476447,107.00975,8.716988,349.88745
644,2012-07-13 21:00:00,0.97121245,2.4398825,103.656395,8.686027,352.73883
645,2012-07-13 22:00:00,0.9851417,2.4039888,99.76303,5.9350014,355.13364
646,2012-07-13 23:00:00,0.9876597,2.3687963,95.23379,7.563498,344.22064
647,2012-07-14 00:00:00,0.99987006,2.3343365,89.971466,7.744307,345.3858
648,2012-07-14 01:00:00,0.9940918,2.3006423,83.89519,8.031625,351.83795
649,2012-07-14 02:00:00,0.9679086,2.2677479,76.97068,7.6880217,345.04947
650,2012-07-18 02:00:00,0.45224488,1.8852868,152.99983,5.9601994,326.62885
651,2012-07-18 03:00:00,0.45393544,1.6301765,152.99983,5.728496,345.58212
652,2012-07-18 04:00:00,0.44797745,1.3750784,152.99983,3.6475742,351.6864
653,2012-07-18 05:00:00,0.45394617,1.120001,152.99983,4.8079967,345.58057
654,2012-07-18 06:00:00,0.45384106,0.8649625,152.99983,4.685471,333.0257
655,2012-07-18 07:00:00,0.45395356,0.61001164,152.99982,4.33809,345.57944
656,2012-07-18 08:00:00,0.45399147,0.35533682,152.99983,2.9700575,339.28033
657,2012-07-18 09:00:00,0.45378864,0.10300678,152.99983,3.91458,339.253
658,2012-07-18 10:00:00,0.45307788,0.15859608,152.99983,5.0026903,333.06332
659,2012-07-18 11:00:00,0.45303243,0.4121786,152.99983,0.7571501,288.95245
660,2012-07-18 12:00:00,0.4537349,0.66695267,152.99983,2.015066,320.39972
661,2012-07-18 13:00:00,0.45670778,0.82146955,152.46437,5.167211,332.30865
662,2012-07-18 14:00:00,0.5099737,0.6484627,149.1899,4.655265,335.3799
663,2012-07-18 15:00:00,0.5577329,0.6404378,146.10048,3.5554502,307.25525
664,2012-07-18 16:00:00,0.59424967,0.8488255,143.5394,4.738156,329.81433
665,2012-07-18 17:00:00,0.6239405,1.162556,141.38982,2.8184576,321.37402
666,2012-07-18 18:00:00,0.64847785,1.517648,139.56476,2.9359305,325.8295
667,2012-07-18 19:00:00,0.66862136,1.8909419,137.9989,4.653403,336.8089
668,2012-07-18 20:00:00,0.6850188,2.2734892,136.64261,4.4367814,335.5589
669,2012-07-18 21:00:00,0.69708717,2.6613038,135.45767,5.199574,334.41864
670,2012-07-18 22:00:00,0.71373624,3.0523772,134.41441,6.148224,327.02042
671,2012-07-18 23:00:00,0.7255011,3.4456007,133.48944,5.6453586,338.62274
672,2012-07-19 00:00:00,0.73502415,3.8403132,132.66412,4.2090077,344.05078
673,2012-07-19 01:00:00,0.7343972,4.1321006,132.47328,4.131217,343.79608
674,2012-07-19 02:00:00,0.6713227,3.7365282,137.83064,4.0405397,342.9655
675,2012-07-19 03:00:00,0.55040336,3.1984446,146.59695,7.0896955,326.61798
676,2012-07-19 04:00:00,0.36992502,2.663129,158.24588,7.249613,325.61807
677,2012-07-19 05:00:00,0.12235756,2.132667,172.97154,3.5877495,352.9804
678,2012-07-23 10:00:00,0.008191996,7.5897207,179.53061,4.6782646,359.52222
679,2012-07-23 11:00:00,0.06252209,7.6997037,176.3947,4.2684455,350.00436
680,2012-07-23 12:00:00,0.11775674,7.8132725,173.06607,4.2281404,352.84387
681,2012-07-23 13:00:00,0.15952317,7.8774858,170.81517,4.4485526,357.13318
682,2012-07-23 14:00:00,0.034614623,7.5400763,177.99861,4.197733,351.58228
683,2012-07-27 21:00:00,0.039182596,0.98372364,177.75073,6.3141327,313.71112
684,2012-07-27 22:00:00,0.2664714,1.3551437,164.54462,6.3350625,313.13983
685,2012-07-27 23:00:00,0.42195788,1.764002,155.03082,5.3339624,328.77625
686,2012-07-28 00:00:00,0.52635473,2.1894243,148.19983,6.079554,321.9645
687,2012-07-28 01:00:00,0.599046,2.6233644,143.18857,6.491343,329.49316
688,2012-07-28 02:00:00,0.6249957,2.8950202,140.73665,6.396312,327.1779
689,2012-07-28 03:00:00,0.5657141,2.2005227,145.5451,6.502728,338.09912
690,2012-07-28 04:00:00,0.46908647,1.5107123,152.022,6.1479144,319.46964
691,2012-07-28 05:00:00,0.3579406,1.3546481,159.01562,5.8572483,326.48032
692,2012-07-28 06:00:00,0.2346437,1.8710319,166.36194,5.828948,327.61093
693,2012-07-28 07:00:00,0.10737357,2.6980214,173.83606,6.828048,316.13544
694,2012-07-28 18:00:00,0.029282242,5.788533,178.31227,6.5256076,314.43744
695,2012-07-28 19:00:00,0.119970776,5.382886,173.10051,7.3075595,321.63342
696,2012-07-28 20:00:00,0.2004977,5.064832,168.43393,7.660292,310.73566
697,2012-07-28 21:00:00,0.27078536,4.8516293,164.28389,4.63331,256.34445
698,2012-07-28 22:00:00,0.3302753,4.757394,160.60596,5.3686867,277.6703
699,2012-07-28 23:00:00,0.38406008,4.7891555,157.34952,5.737933,268.3083
700,2012-07-29 00:00:00,0.43100354,4.944487,154.46376,7.169994,309.35007
701,2012-07-29 01:00:00,0.47077838,5.2123513,151.90123,8.706748,300.5155
702,2012-07-29 02:00:00,0.46511433,5.427684,150.75742,9.049565,299.03076
703,2012-07-29 03:00:00,0.38884532,4.9189954,157.05127,5.848363,261.72687
704,2012-07-29 04:00:00,0.22048615,4.4433403,167.25983,7.7013106,297.0143
705,2012-07-31 01:00:00,0.68528855,1.7527307,136.62535,7.451432,297.7102
706,2012-08-11 01:00:00,0.112905316,1.9034436,173.51372,3.1118886,334.6316
707,2012-08-11 02:00:00,0.5270042,1.5788944,148.04936,2.8634515,346.80804
708,2012-08-11 03:00:00,0.90032816,1.1977861,114.835724,2.9655035,357.79352
709,2012-08-13 04:00:00,0.33312395,3.3931367,116.66136,0.5203958,235.01834
710,2012-08-13 05:00:00,0.86814773,3.2334862,86.84113,0.45654458,248.50824
711,2012-08-13 06:00:00,0.8555068,3.081934,65.10214,0.56725127,264.29047
712,2012-08-13 07:00:00,0.77923405,2.9397316,52.152058,0.7292554,301.10455
713,2012-08-13 08:00:00,0.68262035,2.8083012,44.317085,0.8597354,281.08023
714,2012-08-13 09:00:00,0.6312089,2.6892216,39.243412,1.5643249,307.27472
715,2012-08-13 10:00:00,0.5803509,2.5842009,35.74062,1.9475665,297.3084
716,2012-08-13 11:00:00,0.54485583,2.4950151,33.19446,2.1602929,288.69067
717,2012-08-13 12:00:00,0.51720285,2.423414,31.267132,2.5849895,286.74927
718,2012-08-13 13:00:00,0.48400807,2.364548,29.64663,3.4640617,297.81903
719,2012-08-13 14:00:00,0.42175865,2.2163002,25.376137,2.8640015,293.5191
720,2012-08-27 21:00:00,0.84331244,4.2204566,122.13158,6.1462965,358.77142
721,2012-08-27 22:00:00,0.026818752,4.05043,178.45663,6.9788594,358.36426
722,2012-08-28 04:00:00,0.3236034,3.4675245,161.05359,6.969933,359.98474
723,2012-08-28 05:00:00,0.9954856,3.4195838,89.737724,4.6922364,357.79727
724,2012-08-28 06:00:00,0.4692619,3.2329137,151.34749,5.038959,356.6872
725,2012-08-28 20:00:00,0.08873504,2.1972542,174.4914,5.1188765,354.8828
726,2012-08-28 21:00:00,0.18009697,2.2328935,169.62192,4.6592636,355.92767
727,2012-08-28 22:00:00,0.24596685,2.271944,165.69867,3.6740332,358.35748
728,2012-08-28 23:00:00,0.300108,2.3142316,162.49823,4.543429,355.0
729,2012-08-29 00:00:00,0.3440039,2.3595827,159.85313,3.7667935,358.75232
730,2012-08-29 01:00:00,0.3696593,2.3885927,158.17027,3.9997919,356.91125
731,2012-08-29 02:00:00,0.3576771,2.3142047,158.64182,3.4728067,357.68088
732,2012-08-29 03:00:00,0.34800673,2.2266319,159.6224,4.160385,358.43817
733,2012-08-29 04:00:00,0.3209514,2.1450818,161.1738,3.993275,347.35287
734,2012-08-29 05:00:00,0.27570677,2.0702662,163.99231,4.255986,350.2963
735,2012-08-29 06:00:00,0.16267182,2.0029402,170.63089,3.3924112,350.59213
736,2012-08-31 19:00:00,0.009924756,0.53497565,179.43121,2.4832382,327.9937
737,2012-08-31 20:00:00,0.3461449,1.0594448,159.68231,2.477655,333.47803
738,2012-08-31 21:00:00,0.6322829,1.6233212,140.78116,2.8398688,333.3495
739,2012-08-31 22:00:00,0.8097957,2.1964622,125.88754,2.598926,337.33383
740,2012-08-31 23:00:00,0.9047173,2.773129,115.20969,2.8608866,351.7675
741,2012-09-01 00:00:00,0.94864833,3.351502,107.666145,3.607215,331.74228
742,2012-09-01 01:00:00,0.97451353,3.9182677,102.34549,3.3399677,351.5301
743,2012-09-01 02:00:00,0.98888826,3.999537,98.051216,2.542382,353.4998
744,2012-09-01 03:00:00,0.99888736,3.7895212,92.40522,2.5397267,341.49872
745,2012-09-01 04:00:00,0.997893,3.581212,87.26473,3.0052335,336.33575
746,2012-09-01 05:00:00,0.9915295,3.374994,82.63643,3.4343038,344.2966
747,2012-09-01 06:00:00,0.9776861,3.1712742,78.49913,2.285026,346.39618
748,2012-09-01 07:00:00,0.9648406,2.9705698,74.81538,2.481363,342.80255
749,2012-09-01 08:00:00,0.94285375,2.773532,71.54029,2.1403892,339.39526
750,2012-09-01 09:00:00,0.91283464,2.581002,68.6276,2.0817878,336.7913
751,2012-09-01 10:00:00,0.912862,2.3940682,66.033104,2.0277295,334.04254
752,2012-09-01 11:00:00,0.7732823,2.214148,63.716446,1.9785864,331.15033
753,2012-09-01 12:00:00,0.8589563,2.043095,61.641716,1.932564,323.54224
754,2012-09-01 13:00:00,0.8368741,1.9042625,60.12668,1.8052361,321.54315
755,2012-09-01 14:00:00,0.73833585,1.8048714,60.00006,1.86898,321.13153
756,2012-09-01 15:00:00,0.8504249,1.6961652,60.00006,1.8500282,328.15475
757,2012-09-01 16:00:00,0.7068052,1.5874767,60.000065,1.9418052,327.34857
758,2012-09-01 17:00:00,0.8632363,1.4788094,60.000065,1.7058576,327.88437
759,2012-09-01 18:00:00,0.77254134,1.3701687,60.00006,1.7754922,327.49573
760,2012-09-01 19:00:00,0.2964092,1.2615613,60.000065,1.7557634,329.18613
761,2012-09-02 06:00:00,0.41007558,0.10492228,60.00006,0.09070188,329.04218
762,2012-09-02 07:00:00,0.77655673,0.09728656,60.00006,0.18061715,302.37335
763,2012-09-02 08:00:00,-0.66289455,0.17779405,60.000065,0.28312388,294.1062
764,2012-09-02 09:00:00,0.86600804,0.27829272,60.000065,0.38837677,290.27197
765,2012-09-02 10:00:00,0.7016986,0.3833706,60.000065,0.37822098,303.45813
766,2012-09-02 11:00:00,0.86519444,0.490091,60.00006,0.62243706,315.4421
767,2012-09-02 12:00:00,0.65158033,0.5975747,60.00006,0.5046352,309.83423
768,2012-09-02 13:00:00,0.80809623,0.705473,60.000065,0.81934726,328.3325
769,2012-09-02 14:00:00,0.7973238,0.81362045,60.00006,0.9226785,284.38336
770,2012-09-02 15:00:00,0.8652514,0.9219298,60.00006,1.0299795,283.94006
771,2012-09-02 16:00:00,0.8615401,1.0303501,60.000065,1.047815,290.36737
772,2012-09-02 17:00:00,0.8586304,1.1388494,60.00006,1.0260109,309.24588
773,2012-09-02 18:00:00,0.66332036,1.2474073,60.00006,1.2342074,283.28406
774,2012-09-02 19:00:00,0.8452032,1.3560089,60.00006,1.159628,302.61218
775,2012-09-02 20:00:00,0.19175075,1.4646459,60.00006,1.5670296,282.63483
776,2012-09-02 21:00:00,0.5784654,1.5733104,60.00006,1.5427397,278.5385
777,2012-09-02 22:00:00,0.86499053,1.6819965,60.00006,1.6707195,277.65027
778,2012-09-02 23:00:00,0.8611565,1.7907006,60.000065,1.7593199,277.59308
779,2012-09-03 00:00:00,0.86573213,1.8994194,60.00006,1.3213527,309.08905
780,2012-09-03 01:00:00,0.9305425,1.9702113,109.40321,2.0833778,276.6728
781,2012-09-03 02:00:00,0.86267895,1.7389438,119.999985,2.0086815,274.9552
782,2012-09-03 03:00:00,0.86576027,1.5298194,119.999985,1.005502,331.39117
783,2012-09-03 04:00:00,0.86469084,1.4743803,119.999985,1.3043424,337.75464
784,2012-09-03 05:00:00,0.86601907,1.5887965,119.999985,1.2439188,331.4198
785,2012-09-03 06:00:00,0.86594176,1.8416784,119.999985,0.6835979,299.98608
786,2012-09-03 07:00:00,0.8551073,2.1854775,119.999985,0.990766,319.0085
787,2012-09-03 08:00:00,0.8658916,2.5841582,119.999985,1.0215256,306.2656
788,2012-09-03 09:00:00,0.8601534,3.0160341,119.999985,2.6135757,218.20207
789,2012-09-03 10:00:00,0.86249644,3.468728,119.999985,1.235651,281.24075
790,2012-09-03 11:00:00,0.8659828,3.935063,119.999985,0.74052703,325.1228
791,2012-09-03 12:00:00,0.8067661,4.4107137,119.999985,1.6603142,250.1066
792,2012-09-03 13:00:00,0.8494516,4.7680583,120.15643,1.7870424,274.83588
793,2012-09-03 14:00:00,0.85092264,4.62338,121.64328,2.0808878,238.78046
794,2012-09-03 15:00:00,0.8272001,4.4480753,123.80234,1.9033053,259.72485
795,2012-09-03 16:00:00,0.8032507,4.3113537,126.553345,2.984385,224.86055
796,2012-09-03 17:00:00,0.7642577,4.2169695,130.15852,3.265408,234.75653
797,2012-09-03 18:00:00,0.7064083,4.1678004,135.0411,2.9128115,227.09976
798,2012-09-05 12:00:00,0.50958556,9.601895,137.34207,7.7088337,228.6578
799,2012-09-05 13:00:00,0.6928275,10.096105,136.12651,7.278147,228.1883
800,2012-09-05 14:00:00,0.61867803,9.57966,135.81204,6.6408157,228.32611
801,2012-09-05 15:00:00,0.5558961,8.802053,135.54077,6.3453994,234.51332
802,2012-09-05 16:00:00,0.70086974,8.032776,135.21445,6.1690073,239.91716
803,2012-09-05 17:00:00,0.7092612,7.274471,134.8144,5.4707117,226.86911
804,2012-09-05 18:00:00,0.7135689,6.530959,134.31258,4.701516,232.70538
805,2012-09-05 19:00:00,0.7088198,5.807928,133.66458,5.113265,257.317
806,2012-09-05 20:00:00,0.7337785,5.114069,132.7959,4.7720413,256.24744
807,2012-09-05 21:00:00,0.74651337,4.4630103,131.57141,5.050073,267.52338
808,2012-09-05 22:00:00,0.7684833,3.876378,129.7185,5.2708077,278.2596
809,2012-09-05 23:00:00,0.8019865,3.3878071,126.59619,4.842885,262.56732
810,2012-09-06 00:00:00,0.8634033,3.0448728,120.28909,6.6781716,293.9916
811,2012-09-06 01:00:00,0.958441,2.9089718,106.56618,7.22962,299.1223
812,2012-09-06 02:00:00,0.95283645,2.9612434,107.66536,5.69774,293.94427
813,2012-09-06 03:00:00,0.9181095,3.0439768,113.346954,5.4499607,224.2267
814,2012-09-06 04:00:00,0.8618176,3.1305785,118.709564,5.6845794,285.95645
815,2012-09-06 05:00:00,0.8306825,3.2207394,123.6942,4.512462,265.9386
816,2012-09-06 06:00:00,0.7835481,3.3141677,128.27231,5.0235424,232.81169
817,2012-09-06 07:00:00,0.73793143,3.410596,132.44032,4.6749315,262.18637
818,2012-09-06 08:00:00,0.69175744,3.5097733,136.2126,4.5155416,228.2736
819,2012-09-06 09:00:00,0.647724,3.6114764,139.61464,4.002795,237.95815
820,2012-09-06 10:00:00,0.6045314,3.715499,142.67769,4.854989,234.63672
821,2012-09-07 22:00:00,0.24801913,0.72961104,165.3001,6.6912975,332.5207
822,2012-09-07 23:00:00,0.45056605,0.58903414,153.1265,4.0777164,333.2068
823,2012-09-08 00:00:00,0.5589467,0.64410275,145.83673,5.9432383,344.5899
824,2012-09-08 01:00:00,0.62661785,0.85395646,141.19612,4.738098,346.33997
825,2012-09-08 02:00:00,0.6399961,0.90832216,140.20702,3.864365,339.0644
826,2012-09-08 03:00:00,0.63330066,0.8637033,140.68915,5.9793844,333.22876
827,2012-09-08 04:00:00,0.62525165,0.8806996,141.22046,5.0875316,352.57782
828,2012-09-08 05:00:00,0.618204,0.95614713,141.80821,3.2973588,359.52457
829,2012-09-08 06:00:00,0.6092445,1.0778404,142.46179,5.194696,353.88998
830,2012-09-08 07:00:00,0.59899503,1.2321525,143.1927,5.1456904,354.58774
831,2012-09-08 08:00:00,0.58756024,1.4084022,144.01526,4.89465,355.42548
832,2012-09-08 09:00:00,0.57423925,1.5993537,144.94739,5.55734,350.09775
833,2012-09-08 10:00:00,0.556765,1.8003341,146.01198,4.593994,357.51773
834,2012-09-08 11:00:00,0.52312726,2.0083354,147.23851,4.4415894,358.3957
835,2012-09-08 12:00:00,0.43734914,2.2213857,148.66553,5.0353246,346.94342
836,2012-09-08 13:00:00,0.4572596,2.3877668,149.99188,4.805056,355.54166
837,2012-09-08 14:00:00,0.48520628,2.4011216,150.73492,5.046255,349.70667
838,2012-09-08 15:00:00,0.47134545,2.4234686,151.6076,4.8488197,356.60794
839,2012-09-08 16:00:00,0.28878182,2.4670205,152.61215,4.8538513,356.85278
840,2012-09-08 17:00:00,0.35329127,2.5306835,153.7801,4.8373485,359.55695
841,2012-09-22 05:00:00,0.17474316,4.727603,169.93625,4.0082617,343.65573
842,2012-09-22 06:00:00,0.47139218,4.2368026,151.84552,2.0947073,357.02234
843,2012-09-22 07:00:00,0.56107223,3.7492406,130.45128,3.8609629,353.6919
844,2012-09-22 08:00:00,0.93436813,3.2663662,110.81285,3.6619396,353.67316
845,2012-09-22 09:00:00,0.99208075,2.7906148,96.10983,3.6137404,357.72412
846,2012-09-26 01:00:00,0.4162471,2.7705083,145.46944,3.3144865,236.7587
847,2012-09-28 22:00:00,0.10430912,1.2311721,173.99367,5.978961,284.79926
848,2012-09-28 23:00:00,0.372468,1.7778335,158.04474,5.7284384,287.86627
849,2012-09-29 00:00:00,0.52769065,2.6012292,148.03772,5.656511,246.27686
850,2012-09-29 01:00:00,0.61976135,3.4975853,141.64069,5.1682014,271.3235
851,2012-09-29 02:00:00,0.62209177,3.359953,141.52765,7.6998568,239.8342
852,2012-09-29 03:00:00,0.5580861,2.341241,146.0232,6.676694,244.28925
853,2012-09-29 04:00:00,0.449721,1.3561896,153.27156,5.7851706,295.586
854,2012-09-29 05:00:00,0.23806076,0.61181617,166.21417,4.762521,277.05496
855,2012-10-01 07:00:00,0.9612336,2.7253737,105.93854,6.051996,311.04535
856,2012-10-01 08:00:00,0.87526226,2.6597524,62.080864,5.8833966,311.05835
857,2012-10-01 09:00:00,0.79819703,2.5942116,52.961384,4.9925776,308.36865
858,2012-10-01 10:00:00,0.74322015,2.5287573,49.31047,3.7023094,310.79242
859,2012-10-01 11:00:00,0.7312037,2.4633965,47.36026,5.3447638,308.93195
860,2012-10-01 12:00:00,0.7211017,2.398137,46.14961,4.4903646,295.27637
861,2012-10-01 13:00:00,0.70220304,2.3329868,45.325527,4.769179,294.2821
862,2012-10-01 14:00:00,0.75535524,2.3414233,49.060284,4.7450194,304.46933
863,2012-10-01 15:00:00,0.8705793,2.4860857,60.534126,3.186381,328.51135
864,2012-10-01 16:00:00,0.94414514,2.6601186,71.131195,2.4279685,326.5963
865,2012-10-01 17:00:00,0.980433,2.8561797,80.20855,3.0705621,329.42438
866,2012-10-01 18:00:00,0.9991989,3.0700493,87.7143,3.1556692,349.3924
867,2012-10-01 19:00:00,0.9912716,3.2982671,93.82718,2.9368434,336.77322
868,2012-10-01 20:00:00,0.98783165,3.538056,98.796234,3.7525878,335.3736
869,2012-10-01 21:00:00,0.9684109,3.78722,102.85798,3.0122151,358.14053
870,2012-10-01 22:00:00,0.95958817,4.0440254,106.208664,3.1016126,330.22815
871,2012-10-01 23:00:00,0.94529754,4.307107,109.002106,3.6398299,333.00543
872,2012-10-02 00:00:00,0.9256433,4.575381,111.35614,2.7475326,328.94464
873,2012-10-02 01:00:00,0.8550543,4.7321634,113.31845,1.7008213,355.77695
874,2012-10-02 02:00:00,0.8702286,4.285183,117.53564,2.8731394,354.2775
875,2012-10-02 03:00:00,0.816496,3.7413719,125.22436,2.1454737,324.04248
876,2012-10-02 04:00:00,0.64088905,3.2020354,139.25574,1.8809662,319.44614
877,2012-10-02 05:00:00,0.23353714,2.6698883,166.25078,2.4518936,327.21442
878,2012-10-08 12:00:00,0.16287781,1.4776065,30.510517,0.90119535,180.33879
879,2012-10-08 13:00:00,0.48629043,1.49292,29.566303,2.32403,184.60388
880,2012-10-08 14:00:00,0.34647658,1.5664735,20.402588,0.23265256,219.14134
881,2012-10-08 15:00:00,0.1198983,1.9847462,6.887268,1.4394397,243.45322
882,2012-10-08 20:00:00,0.014503608,3.2037585,0.831192,2.0173943,205.94395
883,2012-10-08 21:00:00,0.096146435,3.44816,5.66127,1.8501879,211.01965
884,2012-10-08 22:00:00,0.18202104,3.7551076,10.489075,1.8050567,215.63905
885,2012-10-08 23:00:00,0.26267326,4.110615,15.24704,1.6618297,232.99457
886,2012-10-09 00:00:00,0.32435217,4.503194,19.873291,1.9065253,237.87642
887,2012-10-09 01:00:00,0.36003157,4.900782,24.09507,2.0172446,247.58641
888,2012-10-09 02:00:00,0.47539732,4.943022,28.46178,1.9009126,252.51431
889,2012-10-09 03:00:00,0.56572366,4.847732,34.49159,1.5098726,252.14616
890,2012-10-09 04:00:00,0.48715836,4.753783,40.856277,0.2114765,202.73743
891,2012-10-09 05:00:00,0.002500343,4.6612563,47.41783,0.7581569,257.26636
892,2012-10-09 06:00:00,0.7966519,4.570238,54.00985,0.35967386,271.5332
893,2012-10-10 10:00:00,-0.48332584,4.0936103,150.83022,4.4012995,358.97516
894,2012-10-10 11:00:00,0.11619604,4.196541,173.1279,4.4369984,359.1701
895,2012-10-12 01:00:00,0.5409913,4.561069,147.24362,6.150224,358.6427
896,2012-10-12 02:00:00,0.77557105,4.493828,129.14253,5.667373,353.12906
897,2012-10-12 03:00:00,0.8825587,4.3439655,106.22553,6.060376,355.7454
898,2012-10-12 04:00:00,0.9965525,4.194142,86.243515,6.0653853,354.25916
899,2012-10-16 01:00:00,0.5778328,2.2206085,144.60416,1.0370831,242.99202
900,2012-10-16 22:00:00,0.479926,1.9287202,29.673138,3.9995759,203.63779
901,2012-10-16 23:00:00,0.7893869,2.046623,52.221725,4.5683317,207.03867
902,2012-10-17 00:00:00,0.89047366,2.1645608,63.29765,4.0319967,211.96204
903,2012-10-17 01:00:00,0.933842,2.276205,69.0585,7.1637983,217.65749
904,2012-10-17 02:00:00,0.92439765,2.3994787,67.64436,4.291327,216.19748
905,2012-10-17 03:00:00,0.8459436,2.5601783,58.642197,4.7829933,257.62866
906,2012-10-17 22:00:00,0.03180491,3.2569401,178.17706,5.0212564,276.51514
907,2012-10-17 23:00:00,0.28918228,3.219907,162.94937,4.104605,267.71722
908,2012-10-18 00:00:00,0.48243043,3.1997685,151.14471,5.8654904,287.136
909,2012-10-18 01:00:00,0.60591406,3.1967874,142.51154,4.182905,272.15204
910,2012-10-18 02:00:00,0.63512236,3.130946,140.5668,6.325766,289.16412
911,2012-10-18 03:00:00,0.61394316,2.9720423,142.11642,6.321009,284.3979
912,2012-10-18 04:00:00,0.5864192,2.825086,144.09596,6.6060305,292.6859
913,2012-10-18 05:00:00,0.5481722,2.6928353,146.6973,4.7402825,282.65805
914,2012-10-18 06:00:00,0.4960347,2.5775542,150.24985,6.320848,292.5235
915,2012-10-18 07:00:00,0.41683254,2.4816096,155.34137,6.4474435,291.40167
916,2012-10-18 08:00:00,0.2910001,2.4073136,163.0801,5.8812413,286.5468
917,2012-10-18 09:00:00,0.07717081,2.356715,175.57404,6.9223146,299.02682
918,2012-10-23 01:00:00,0.70013726,2.4203298,135.3466,2.024676,315.43396
919,2012-10-23 02:00:00,0.15637867,1.9313945,170.97675,5.5622587,300.7876
920,2012-10-23 23:00:00,0.8585508,2.4035969,60.516567,5.3101754,328.64703
921,2012-10-24 00:00:00,0.9204968,2.9384396,67.029015,5.6425886,334.97247
922,2012-10-24 01:00:00,0.9340213,3.359513,69.11354,5.0779843,330.81888
923,2012-10-24 02:00:00,0.8106683,3.2707515,63.67323,4.7562885,332.07846
924,2012-10-26 15:00:00,0.44047645,1.7294316,146.87816,1.3686377,238.28033
925,2012-10-26 16:00:00,0.33510718,1.4889203,146.79565,1.4400842,239.74336
926,2012-10-26 17:00:00,0.5487931,1.2484238,146.69472,1.3104085,257.54623
927,2012-10-26 18:00:00,0.54776174,1.0079538,146.56833,0.0773418,257.5608
928,2012-10-26 19:00:00,0.55257845,0.7675353,146.40549,0.38616353,307.60742
929,2012-10-26 20:00:00,0.5564595,0.527239,146.18779,1.594337,288.49557
930,2012-10-26 21:00:00,0.5607931,0.28737083,145.88187,0.60494375,263.0304
931,2012-10-26 22:00:00,0.5659564,0.053978294,145.4205,1.1659518,287.79633
932,2012-10-26 23:00:00,0.5784448,0.19742328,144.6452,2.2050636,299.5383
933,2012-10-27 00:00:00,0.6004935,0.43677098,143.07092,2.6133687,310.47128
934,2012-10-27 01:00:00,0.75837183,0.49352992,130.51309,2.263012,316.72583
935,2012-10-27 02:00:00,0.86413664,0.45370448,120.19272,0.7675932,325.30383
936,2012-10-27 03:00:00,0.87701166,1.5499728,118.71527,1.5578336,298.71912
937,2012-10-27 04:00:00,0.88147265,2.6491039,118.1781,0.6668835,298.18317
938,2012-10-27 05:00:00,0.89160705,3.185075,116.91991,0.63691,284.3449
939,2012-10-27 06:00:00,0.9213886,2.7378912,111.69458,2.3549526,260.40814
940,2012-10-27 07:00:00,0.963056,2.2748678,103.997734,1.7329125,284.12006
941,2012-10-27 08:00:00,0.99357194,1.8367788,92.833916,2.5290415,285.29816
942,2012-10-27 09:00:00,0.96778524,1.4464606,76.85479,1.9979721,300.72592
943,2012-10-27 10:00:00,0.82406825,1.1534728,56.35315,2.3774242,311.6092
944,2012-10-27 11:00:00,0.5790161,1.0433166,35.416172,2.8063974,297.13892
945,2012-10-28 01:00:00,0.990745,2.341399,82.20463,3.8966599,325.04175
946,2012-10-28 02:00:00,0.93683815,2.2781389,110.000084,4.0039444,327.77716
947,2012-10-28 03:00:00,0.93877363,2.1985734,110.00008,4.8037724,321.4602
948,2012-10-28 04:00:00,0.9340441,2.1229198,110.00008,4.829468,327.58948
949,2012-10-28 05:00:00,0.9396211,2.0516117,110.000084,4.208819,333.9947
950,2012-10-28 06:00:00,0.93598634,1.9851164,110.000084,4.754925,334.07123
951,2012-10-28 07:00:00,0.9377356,1.9239336,110.000084,4.9296885,333.91785
952,2012-10-28 08:00:00,0.9395675,1.8685857,110.00008,3.3409786,340.28183
953,2012-10-28 09:00:00,0.93940043,1.8196038,110.000084,1.6557854,327.6743
954,2012-10-28 10:00:00,0.939661,1.7775154,110.00008,3.9916196,340.27368
955,2012-10-28 11:00:00,0.93968767,1.7428197,110.000084,1.4337794,315.13593
956,2012-10-28 12:00:00,0.93436617,1.7159652,110.00008,2.8301985,359.22162
957,2012-10-28 13:00:00,0.9173255,1.66455,111.1376,4.7971606,353.78754
958,2012-10-28 14:00:00,0.8312686,1.3551358,123.75813,4.9640307,354.04074
959,2012-10-28 15:00:00,0.46000758,1.0136113,150.68776,4.914029,356.16977
960,2012-11-02 00:00:00,0.9485058,2.6884046,71.71336,3.3697197,339.7237
961,2012-11-02 01:00:00,0.8328992,2.6651714,123.590225,2.9975486,347.5558
962,2012-11-02 02:00:00,0.617799,2.6576667,140.84866,3.3918986,358.7555
963,2012-11-02 03:00:00,0.5649864,2.6863441,145.58603,3.4497042,357.0273
964,2012-11-02 04:00:00,0.4735893,2.7171874,151.38582,3.7073145,356.36935
965,2012-11-02 05:00:00,0.37046054,2.7480447,158.22498,3.2829113,350.7393
966,2012-11-02 06:00:00,0.23645896,2.7789161,166.15901,3.578057,339.7235
967,2012-11-02 07:00:00,0.08544187,2.809801,175.09766,4.2649455,336.22885
968,2012-11-03 07:00:00,0.18036824,3.0791883,169.53416,5.0503993,330.5658
969,2012-11-03 08:00:00,0.33851406,3.0313005,160.2105,4.0536957,327.6616
970,2012-11-03 09:00:00,0.4450897,2.9834743,153.50713,4.999816,333.574
971,2012-11-03 10:00:00,0.5212876,2.935713,148.58,3.764257,322.30557
972,2012-11-03 11:00:00,0.5744126,2.8880188,144.85649,4.385216,350.0542
973,2012-11-03 12:00:00,0.60011023,2.8403966,141.96613,3.6175847,321.7376
974,2012-11-03 13:00:00,0.65614533,2.814218,138.98157,3.5603192,356.7025
975,2012-11-03 14:00:00,0.90759736,2.946662,114.78627,2.9640841,351.31006
976,2012-11-04 06:00:00,0.9791077,5.887849,78.71973,8.3474455,334.06128
977,2012-11-04 07:00:00,0.991051,5.8542523,97.48486,7.923037,334.06293
978,2012-11-04 08:00:00,0.9508251,5.8287873,107.99208,8.004825,338.28156
979,2012-11-04 09:00:00,0.9113003,5.8115635,114.30501,7.3846807,344.55835
980,2012-11-04 10:00:00,0.8785366,5.8026524,118.42413,7.885404,342.45197
981,2012-11-04 11:00:00,0.85363215,5.8020926,121.29637,7.580425,345.23383
982,2012-11-04 12:00:00,0.82809716,5.8098855,123.40373,6.4714613,334.9466
983,2012-11-04 13:00:00,0.82022053,5.817832,124.88902,7.705944,342.59814
984,2012-11-04 14:00:00,0.80489343,5.6946397,126.37747,7.5854254,344.0525
985,2012-11-04 15:00:00,0.7827007,5.5218773,128.4868,8.736927,346.17453
986,2012-11-04 16:00:00,0.7536369,5.3499594,131.08469,8.656372,348.76733
987,2012-11-04 17:00:00,0.71495664,5.178972,134.34753,5.8232226,339.5012
988,2012-11-04 18:00:00,0.66165125,5.009007,138.53604,5.5595536,343.70755
989,2012-11-04 19:00:00,0.58698285,4.8401756,144.0384,7.8355637,355.42456
990,2012-11-04 20:00:00,0.47823006,4.6725984,151.41962,7.350895,356.5264
991,2012-11-04 21:00:00,0.31810054,4.5064163,161.42148,5.4705477,347.64844
992,2012-11-04 22:00:00,0.0910827,4.3417883,174.71219,6.479117,348.58197
993,2012-11-06 02:00:00,0.08618486,2.9321542,174.95377,4.0531254,330.02225
994,2012-11-06 03:00:00,0.35192493,2.534609,159.3885,3.784073,333.12967
995,2012-11-06 04:00:00,0.555493,2.1372638,146.13237,4.9171276,326.05237
996,2012-11-06 05:00:00,0.6965257,1.7402542,135.76276,3.6855366,334.6686
997,2012-11-06 06:00:00,0.78894615,1.3438785,127.90972,1.968392,326.76852
998,2012-11-06 07:00:00,0.84820247,0.94893134,121.963394,3.5261812,339.68332
999,2012-11-06 08:00:00,0.8866345,0.5584517,117.39558,1.9354715,335.04233
1000,2012-11-06 09:00:00,0.91482735,0.20050517,113.81878,3.0140903,344.08432
1001,2012-11-06 10:00:00,0.9337676,0.29235715,110.96269,2.7944531,347.5213
1002,2012-11-06 11:00:00,0.9416782,0.66908854,108.64017,2.644403,351.3607
1003,2012-11-06 12:00:00,0.95613384,1.0615189,106.72034,2.8585377,355.89294
1004,2012-11-06 13:00:00,0.9645815,1.4256265,105.24515,1.9800146,354.33844
1005,2012-11-06 14:00:00,0.9659259,1.4465035,104.99993,2.3835113,347.83252
1006,2012-11-06 15:00:00,0.9659171,1.3670627,104.99993,1.5290223,328.98654
1007,2012-11-06 16:00:00,0.9628406,1.2900579,104.99992,2.2800732,347.91174
1008,2012-11-06 17:00:00,0.9641,1.2159522,104.99992,1.4362966,341.6101
1009,2012-11-06 18:00:00,0.9640417,1.1453089,104.99992,1.8817872,347.76932
1010,2012-11-06 19:00:00,0.9561913,1.0788077,104.99993,0.93623376,329.12433
1011,2012-11-06 20:00:00,0.9657506,1.0172616,104.99992,2.994548,347.85086
1012,2012-11-06 21:00:00,0.9657268,0.9616233,104.99992,3.2843435,347.8521
1013,2012-11-06 22:00:00,0.96517557,0.9129726,104.99993,1.0613233,347.87122
1014,2012-11-06 23:00:00,0.9648663,0.87247926,104.99992,2.6802845,347.78494
1015,2012-11-07 00:00:00,0.9644516,0.84132236,104.99992,2.741167,347.88705
1016,2012-11-07 01:00:00,0.9571271,0.86997235,106.0988,3.3666086,342.73477
1017,2012-11-07 02:00:00,0.9562981,1.4520615,107.000206,2.4491725,349.82864
1018,2012-11-07 03:00:00,0.95394677,2.1924443,107.000206,2.3439462,331.05273
1019,2012-11-07 04:00:00,0.94828725,2.934734,107.0002,2.3089645,299.43698
1020,2012-11-07 05:00:00,0.9557395,3.1160173,106.75491,1.4428483,324.39258
1021,2012-11-07 06:00:00,0.9609338,2.6318147,105.87417,1.2584782,342.37885
1022,2012-11-07 07:00:00,0.96110344,2.3952994,104.74045,2.0559382,290.91232
1023,2012-11-07 08:00:00,0.89603996,2.4972181,103.26601,1.7026058,289.148
1024,2012-11-07 09:00:00,0.9431336,2.902132,101.273315,1.13617,306.12836
1025,2012-11-07 10:00:00,0.9480636,3.5066044,98.43967,0.8600037,310.1449
1026,2012-11-07 11:00:00,0.988188,4.22585,94.11921,0.44239426,349.65356
1027,2012-11-10 09:00:00,0.61584705,1.9817839,38.88083,0.1422585,275.23483
1028,2012-11-10 10:00:00,0.45250952,1.8474244,26.919033,0.6736559,244.64943
1029,2012-11-10 11:00:00,0.23544416,1.8503518,13.623596,1.7108566,281.61707
1030,2012-11-10 12:00:00,0.0048492993,1.9899608,0.2830429,1.6770238,268.05576
1031,2012-11-11 02:00:00,0.04514948,4.4203024,176.99991,0.46785018,288.41516
1032,2012-11-11 05:00:00,0.04663233,1.793029,177.24997,2.6926916,357.0125
1033,2012-11-11 14:00:00,0.9576963,3.1883457,91.99989,1.3435332,340.82504
1034,2012-11-11 15:00:00,0.9993909,2.938634,91.99989,1.466509,347.3979
1035,2012-11-11 16:00:00,0.9278208,2.6897442,91.99989,1.3815308,353.30054
1036,2012-11-11 17:00:00,0.9970571,2.4419267,91.99989,1.3130182,359.89612
1037,2012-11-11 23:00:00,0.19903897,1.0219352,91.99989,0.1058799,207.79773
1038,2012-11-13 00:00:00,0.83654773,0.822509,91.9999,0.34137064,208.58914
1039,2012-11-13 01:00:00,0.98129344,0.6903172,101.08418,0.7957318,199.41309
1040,2012-11-15 20:00:00,0.13334884,1.5088365,168.29805,0.51607066,259.4801
1041,2012-11-15 21:00:00,0.21378744,1.2424365,167.65509,0.5327223,278.54907
1042,2012-11-15 22:00:00,0.22948624,0.97773206,166.69388,1.5365647,258.6531
1043,2012-11-15 23:00:00,0.24991177,0.7166047,165.10173,0.80107856,288.79016
1044,2012-11-16 00:00:00,0.3095696,0.4651182,161.9625,0.94069296,291.67575
1045,2012-11-16 01:00:00,0.40169674,0.2645072,155.8853,1.9591254,285.43622
1046,2012-11-20 19:00:00,0.31757838,4.112892,84.93797,2.9907718,182.01027
1047,2012-11-20 20:00:00,0.9959434,3.6188776,86.79558,2.7602339,185.0435
1048,2012-11-20 21:00:00,0.9782072,3.2247238,89.41941,3.3605347,187.52908
1049,2012-11-20 22:00:00,0.99389106,2.9704514,93.3842,3.1128817,198.07954
1050,2012-11-20 23:00:00,0.98484856,2.8931808,99.97644,3.058701,204.57034
1051,2012-11-21 00:00:00,0.86036915,3.0065892,112.51549,3.0448766,211.20676
1052,2012-12-01 13:00:00,0.87781656,4.9417777,115.58736,5.628738,358.65094
1053,2012-12-01 14:00:00,0.9747208,4.7773495,99.99999,5.4044414,355.25497
1054,2012-12-01 15:00:00,0.9794801,4.6442094,99.99999,5.843644,355.5023
1055,2012-12-01 16:00:00,0.97004455,4.610076,99.99999,5.9271116,355.22485
1056,2012-12-01 17:00:00,0.975099,4.677118,99.99999,6.0548596,355.2577
1057,2012-12-01 18:00:00,0.9844612,4.841132,99.99999,6.868759,349.14157
1058,2012-12-01 19:00:00,0.9838517,5.0927596,99.99999,6.0901,355.4423
1059,2012-12-01 20:00:00,0.984527,5.4198103,99.99999,6.8086643,349.09116
1060,2012-12-01 21:00:00,0.9842916,5.8095613,99.99999,6.3768845,355.4306
1061,2012-12-01 22:00:00,0.98447967,6.250292,99.99999,8.541688,323.95648
1062,2012-12-01 23:00:00,0.98476297,6.7319994,99.99999,6.539271,336.53912
1063,2012-12-02 00:00:00,0.98365366,7.246515,99.99999,7.0706215,349.06662
1064,2012-12-02 01:00:00,0.97787035,7.732481,99.99999,7.3627715,336.4299
1065,2012-12-02 02:00:00,0.9809425,7.447073,99.99999,7.455947,342.74323
1066,2012-12-02 03:00:00,0.9792617,6.891585,99.99999,7.686714,336.65485
1067,2012-12-02 04:00:00,0.9825266,6.3710113,99.99999,8.895862,336.4806
1068,2012-12-02 05:00:00,0.98353,5.8946085,99.99999,8.168675,349.166
1069,2012-12-02 06:00:00,0.9846912,5.4739223,99.99999,8.415506,336.56406
1070,2012-12-02 07:00:00,0.97829854,5.122697,100.0,8.475896,349.0
1071,2012-12-02 08:00:00,0.9845083,4.856029,99.99999,8.426089,336.57333
1072,2012-12-02 09:00:00,0.9841168,4.688368,99.99999,8.392735,349.07758
1073,2012-12-02 10:00:00,0.9845607,4.6304817,99.99999,8.907419,355.37582
1074,2012-12-02 11:00:00,0.9848072,4.6864395,99.99999,10.167687,349.11612
1075,2012-12-02 12:00:00,0.98316216,4.8523045,99.99999,10.526365,349.05722
1076,2012-12-02 13:00:00,0.98702824,5.065872,99.237404,9.172419,342.0666
1077,2012-12-02 14:00:00,0.05496045,5.0341587,69.000626,9.204648,338.4771
1078,2012-12-02 17:00:00,-0.40705726,4.866616,69.000626,9.433916,338.98718
1079,2012-12-02 18:00:00,0.39618722,4.836484,69.000626,9.540929,338.09775
1080,2012-12-02 19:00:00,0.9305968,4.819702,69.00063,9.623036,337.04526
1081,2012-12-02 20:00:00,0.9201741,4.816399,69.000626,9.598805,337.13492
1082,2012-12-02 21:00:00,0.8916348,4.8266115,69.000626,9.611616,336.6643
1083,2012-12-02 22:00:00,0.9093415,4.8502545,69.00062,9.88877,336.73682
1084,2012-12-02 23:00:00,0.9268227,4.887126,69.00063,6.365594,337.08566
1085,2012-12-03 00:00:00,0.9333565,4.936937,69.00062,6.137103,336.9431
1086,2012-12-03 01:00:00,0.94655013,4.977431,71.18379,9.702719,339.1443
1087,2012-12-03 02:00:00,0.9344297,4.730278,110.384254,9.485248,328.00403
1088,2012-12-03 03:00:00,0.6772836,4.5389314,137.07388,5.9642887,348.5951
1089,2012-12-03 04:00:00,0.52955496,4.5547085,147.80101,7.7464886,346.53912
1090,2012-12-03 05:00:00,0.38070473,4.6638517,155.87698,7.899175,348.8156
1091,2012-12-05 22:00:00,0.82604134,2.380912,55.758404,3.7632139,323.68393
1092,2012-12-05 23:00:00,0.9690128,2.647787,76.37849,6.9280205,325.57025
1093,2012-12-06 00:00:00,0.97909194,2.9169352,101.67725,3.486713,331.9635
1094,2012-12-06 01:00:00,0.8774001,3.1273463,118.66956,6.1930866,323.80072
1095,2012-12-06 02:00:00,0.95323235,3.0674977,107.52966,5.6281753,325.25504
1096,2012-12-06 03:00:00,0.99656254,2.9707966,86.19485,2.464714,354.20917
1097,2012-12-06 04:00:00,0.8642887,2.874256,61.282894,5.1376057,322.79382
1098,2012-12-07 10:00:00,0.11604269,0.6921315,173.25415,1.5255885,265.13376
1099,2012-12-07 13:00:00,0.8526268,1.3793867,121.45465,2.377969,219.80487
1100,2012-12-08 22:00:00,0.03176194,2.4730027,161.6835,2.114387,271.0989
1101,2012-12-08 23:00:00,0.47296238,3.1297843,145.60034,1.7456245,262.18976
1102,2012-12-09 00:00:00,0.53425306,3.8374357,134.19508,1.584367,252.09325
1103,2012-12-09 01:00:00,0.47608253,4.3907924,129.57411,1.2922294,220.70445
1104,2012-12-20 00:00:00,0.96857506,2.0620837,75.73979,3.9345646,180.3771
1105,2012-12-20 01:00:00,0.9666748,2.1763911,94.16389,5.187449,192.73117
1106,2012-12-20 02:00:00,0.9174282,2.0710275,66.55796,4.886397,183.71739
1107,2012-12-20 03:00:00,0.55166024,1.9444932,33.495037,4.17501,188.38953
1108,2012-12-20 04:00:00,0.24638623,1.8440909,14.264832,3.4534695,194.27692
1109,2012-12-20 05:00:00,0.0691387,1.7742643,3.9744644,4.2510276,202.89471
1110,2012-12-22 01:00:00,0.602002,2.111741,142.98573,3.3607078,348.11218
1111,2012-12-22 02:00:00,0.39610147,1.9601495,156.65535,2.630554,292.64465
1112,2012-12-22 03:00:00,0.19990498,1.8400491,168.46617,2.535893,323.35382
1113,2012-12-22 04:00:00,0.081211746,1.7705226,175.33954,2.303229,279.9723
1114,2012-12-22 05:00:00,0.00491624,1.7575811,179.71832,2.186554,271.75208
1115,2012-12-24 05:00:00,0.32528344,1.4585401,161.01721,6.422855,322.16968
1116,2012-12-24 06:00:00,0.34122884,1.3048589,159.99997,4.052464,308.6521
1117,2012-12-24 07:00:00,0.34201428,1.6967179,159.99997,4.7322936,321.1565
1118,2012-12-24 08:00:00,0.34123722,2.4164803,159.99997,1.7741466,321.2181
1119,2012-12-24 09:00:00,0.3414829,3.253342,159.99997,0.95576787,289.6784
1120,2012-12-24 10:00:00,0.34200042,4.1368365,159.99997,3.416502,308.57318
1121,2012-12-24 11:00:00,0.34157935,5.0425134,159.99997,1.3409909,251.98457
1122,2012-12-24 12:00:00,0.34129527,5.960268,159.99997,3.1522148,333.78192
1123,2012-12-24 13:00:00,0.34693444,6.684315,159.62605,1.7201151,314.40985
1124,2012-12-24 14:00:00,0.3950504,6.824729,156.73062,2.2253165,336.73523
1125,2012-12-24 15:00:00,0.44244885,6.939211,153.60295,1.7592969,295.8057
1126,2012-12-24 16:00:00,0.48598498,7.0600224,150.7463,1.4057851,305.50854
1127,2012-12-24 17:00:00,0.52593726,7.1868467,148.13939,1.0409576,309.2046
1128,2012-12-24 18:00:00,0.53753173,7.319372,145.76031,1.081202,268.91168
1129,2012-12-24 19:00:00,0.5244623,7.4572916,143.58766,0.5744399,279.11792
1130,2012-12-24 20:00:00,0.6167746,7.6003137,141.6012,0.36353785,240.0383
1131,2012-12-27 09:00:00,0.6907203,4.9236474,116.43916,1.404957,209.1643
1132,2012-12-27 10:00:00,0.92438763,4.9429345,111.4241,1.8229864,222.19069
1133,2012-12-27 11:00:00,0.9485185,4.9783673,107.82143,2.1277301,231.18701
1134,2012-12-27 12:00:00,0.9575306,5.0296044,105.12771,3.8689444,203.31897
1135,2012-12-27 13:00:00,0.97232103,5.0866284,103.34523,2.49837,207.98427
1136,2012-12-27 14:00:00,0.69828856,5.1274133,105.0582,2.3396664,227.74704
1137,2012-12-28 00:00:00,0.8865601,3.4114466,110.000046,0.9165667,202.37335
1138,2012-12-28 01:00:00,0.93939716,3.1740124,94.6666,1.3209522,199.60907
1139,2012-12-28 02:00:00,0.88291055,2.8602886,62.000214,0.40781546,304.8227
1140,2012-12-28 03:00:00,0.88213915,2.5090802,62.00022,1.4249133,210.54144
1141,2012-12-28 04:00:00,0.8807974,2.1627924,62.000217,1.6253958,185.52138
1142,2012-12-28 05:00:00,0.8784953,1.8242298,62.000217,2.157338,185.55203
1143,2012-12-28 06:00:00,0.879462,1.498637,62.00022,1.8060992,191.82364
1144,2012-12-28 07:00:00,0.82733077,1.1966482,62.00022,2.2434466,191.3779
1145,2012-12-28 08:00:00,0.88284093,0.94126326,62.000217,2.0976202,204.28543
1146,2012-12-28 09:00:00,0.88294935,0.7797058,62.000214,2.9870946,198.018
1147,2012-12-28 10:00:00,0.8829279,0.7732152,62.000217,2.9038916,204.30807
1148,2012-12-28 11:00:00,0.8803007,0.92506063,62.000217,3.3490689,185.52902
1149,2012-12-28 12:00:00,0.8809297,1.1754014,62.000214,3.3103611,185.5192
1150,2012-12-28 13:00:00,0.8829488,1.4143654,62.00022,4.1561055,198.01906
1151,2012-12-28 14:00:00,0.8826726,1.4086004,62.000217,3.5854893,204.32614
1152,2012-12-28 15:00:00,0.8795743,1.4895525,62.000217,3.1818342,204.21364
1153,2012-12-28 16:00:00,0.8732734,1.6853468,62.000217,3.158079,197.86974
1154,2012-12-28 17:00:00,0.88064694,1.9618951,62.000217,2.8405483,198.09015
1155,2012-12-28 18:00:00,0.8798704,2.290128,62.00022,2.691335,191.81827
1156,2012-12-28 19:00:00,0.88294196,2.6509154,62.00022,2.5000463,185.45566
1157,2012-12-28 20:00:00,0.84730333,3.032661,62.000217,2.5079317,185.73666
1158,2012-12-28 21:00:00,-0.1845873,3.428371,62.000217,2.4274492,180.94977
